<annotation verified="yes">
	<folder>抽烟</folder>
	<filename>232.jpg</filename>
	<path>D:\linhaihua3\Desktop\抽烟\232.jpg</path>
	<source>
		<database>Unknown</database>
	</source>
	<size>
		<width>848</width>
		<height>480</height>
		<depth>3</depth>
	</size>
	<segmented>0</segmented>
	<object>
		<name>smoke</name>
		<pose>Unspecified</pose>
		<truncated>0</truncated>
		<difficult>0</difficult>
		<bndbox>
			<xmin>382</xmin>
			<ymin>173</ymin>
			<xmax>423</xmax>
			<ymax>195</ymax>
		</bndbox>
	</object>
</annotation>
