<annotation verified="yes">
	<folder>抽烟</folder>
	<filename>170.jpg</filename>
	<path>D:\linhaihua3\Desktop\抽烟\170.jpg</path>
	<source>
		<database>Unknown</database>
	</source>
	<size>
		<width>480</width>
		<height>272</height>
		<depth>3</depth>
	</size>
	<segmented>0</segmented>
	<object>
		<name>smoke</name>
		<pose>Unspecified</pose>
		<truncated>0</truncated>
		<difficult>0</difficult>
		<bndbox>
			<xmin>211</xmin>
			<ymin>117</ymin>
			<xmax>237</xmax>
			<ymax>130</ymax>
		</bndbox>
	</object>
</annotation>
