<annotation>
	<folder>抽烟1</folder>
	<filename>QJ7163527844.jpg</filename>
	<path>D:\linhaihua3\Desktop\抽烟11\抽烟1\QJ7163527844.jpg</path>
	<source>
		<database>Unknown</database>
	</source>
	<size>
		<width>797</width>
		<height>529</height>
		<depth>3</depth>
	</size>
	<segmented>0</segmented>
	<object>
		<name>smoke</name>
		<pose>Unspecified</pose>
		<truncated>0</truncated>
		<difficult>0</difficult>
		<bndbox>
			<xmin>135</xmin>
			<ymin>315</ymin>
			<xmax>181</xmax>
			<ymax>330</ymax>
		</bndbox>
	</object>
</annotation>
