<annotation>
	<folder>images</folder>
	<filename>034_03.jpg</filename>
	<path>C:\Users\靳凯旗\Desktop\data\images\034_03.jpg</path>
	<source>
		<database>Unknown</database>
	</source>
	<size>
		<width>198</width>
		<height>218</height>
		<depth>1</depth>
	</size>
	<segmented>0</segmented>
	<object>
		<name>smoke</name>
		<pose>Unspecified</pose>
		<truncated>0</truncated>
		<difficult>0</difficult>
		<bndbox>
			<xmin>26</xmin>
			<ymin>106</ymin>
			<xmax>115</xmax>
			<ymax>187</ymax>
		</bndbox>
	</object>
</annotation>
