<annotation>
	<folder>抽烟1</folder>
	<filename>QJ7148071719.jpg</filename>
	<path>D:\linhaihua3\Desktop\抽烟11\抽烟1\QJ7148071719.jpg</path>
	<source>
		<database>Unknown</database>
	</source>
	<size>
		<width>766</width>
		<height>510</height>
		<depth>3</depth>
	</size>
	<segmented>0</segmented>
	<object>
		<name>smoke</name>
		<pose>Unspecified</pose>
		<truncated>0</truncated>
		<difficult>0</difficult>
		<bndbox>
			<xmin>401</xmin>
			<ymin>350</ymin>
			<xmax>493</xmax>
			<ymax>495</ymax>
		</bndbox>
	</object>
</annotation>
