<annotation>
	<folder>抽烟</folder>
	<filename>098.jpg</filename>
	<path>D:\linhaihua3\Desktop\抽烟\098.jpg</path>
	<source>
		<database>Unknown</database>
	</source>
	<size>
		<width>510</width>
		<height>339</height>
		<depth>1</depth>
	</size>
	<segmented>0</segmented>
	<object>
		<name>smoke</name>
		<pose>Unspecified</pose>
		<truncated>0</truncated>
		<difficult>0</difficult>
		<bndbox>
			<xmin>272</xmin>
			<ymin>203</ymin>
			<xmax>312</xmax>
			<ymax>274</ymax>
		</bndbox>
	</object>
</annotation>
