<annotation>
	<folder>images</folder>
	<filename>026_03.jpg</filename>
	<path>C:\Users\靳凯旗\Desktop\data\images\026_03.jpg</path>
	<source>
		<database>Unknown</database>
	</source>
	<size>
		<width>160</width>
		<height>159</height>
		<depth>3</depth>
	</size>
	<segmented>0</segmented>
	<object>
		<name>smoke</name>
		<pose>Unspecified</pose>
		<truncated>0</truncated>
		<difficult>0</difficult>
		<bndbox>
			<xmin>94</xmin>
			<ymin>98</ymin>
			<xmax>136</xmax>
			<ymax>138</ymax>
		</bndbox>
	</object>
</annotation>
