<annotation>
	<folder>抽烟</folder>
	<filename>080.jpg</filename>
	<path>D:\linhaihua3\Desktop\抽烟\080.jpg</path>
	<source>
		<database>Unknown</database>
	</source>
	<size>
		<width>500</width>
		<height>472</height>
		<depth>3</depth>
	</size>
	<segmented>0</segmented>
	<object>
		<name>smoke</name>
		<pose>Unspecified</pose>
		<truncated>0</truncated>
		<difficult>0</difficult>
		<bndbox>
			<xmin>125</xmin>
			<ymin>383</ymin>
			<xmax>243</xmax>
			<ymax>466</ymax>
		</bndbox>
	</object>
</annotation>
