<annotation>
	<folder>抽烟1</folder>
	<filename>QJ6282314634.jpg</filename>
	<path>D:\linhaihua3\Desktop\抽烟11\抽烟1\QJ6282314634.jpg</path>
	<source>
		<database>Unknown</database>
	</source>
	<size>
		<width>600</width>
		<height>400</height>
		<depth>3</depth>
	</size>
	<segmented>0</segmented>
	<object>
		<name>smoke</name>
		<pose>Unspecified</pose>
		<truncated>0</truncated>
		<difficult>0</difficult>
		<bndbox>
			<xmin>307</xmin>
			<ymin>213</ymin>
			<xmax>432</xmax>
			<ymax>300</ymax>
		</bndbox>
	</object>
	<object>
		<name>smoke</name>
		<pose>Unspecified</pose>
		<truncated>0</truncated>
		<difficult>0</difficult>
		<bndbox>
			<xmin>297</xmin>
			<ymin>302</ymin>
			<xmax>441</xmax>
			<ymax>382</ymax>
		</bndbox>
	</object>
</annotation>
