<annotation>
	<folder>抽烟1</folder>
	<filename>QJ7203142362.jpg</filename>
	<path>D:\linhaihua3\Desktop\抽烟11\抽烟1\QJ7203142362.jpg</path>
	<source>
		<database>Unknown</database>
	</source>
	<size>
		<width>818</width>
		<height>524</height>
		<depth>3</depth>
	</size>
	<segmented>0</segmented>
	<object>
		<name>smoke</name>
		<pose>Unspecified</pose>
		<truncated>0</truncated>
		<difficult>0</difficult>
		<bndbox>
			<xmin>237</xmin>
			<ymin>148</ymin>
			<xmax>444</xmax>
			<ymax>235</ymax>
		</bndbox>
	</object>
</annotation>
