<annotation>
	<folder>抽烟1</folder>
	<filename>QJ6777680184.jpg</filename>
	<path>D:\linhaihua3\Desktop\抽烟11\抽烟1\QJ6777680184.jpg</path>
	<source>
		<database>Unknown</database>
	</source>
	<size>
		<width>600</width>
		<height>450</height>
		<depth>3</depth>
	</size>
	<segmented>0</segmented>
	<object>
		<name>smoke</name>
		<pose>Unspecified</pose>
		<truncated>0</truncated>
		<difficult>0</difficult>
		<bndbox>
			<xmin>43</xmin>
			<ymin>76</ymin>
			<xmax>331</xmax>
			<ymax>160</ymax>
		</bndbox>
	</object>
</annotation>
