<annotation>
	<folder>抽烟</folder>
	<filename>011.jpg</filename>
	<path>D:\linhaihua3\Desktop\抽烟\011.jpg</path>
	<source>
		<database>Unknown</database>
	</source>
	<size>
		<width>98</width>
		<height>136</height>
		<depth>3</depth>
	</size>
	<segmented>0</segmented>
	<object>
		<name>smoke</name>
		<pose>Unspecified</pose>
		<truncated>0</truncated>
		<difficult>0</difficult>
		<bndbox>
			<xmin>16</xmin>
			<ymin>59</ymin>
			<xmax>38</xmax>
			<ymax>70</ymax>
		</bndbox>
	</object>
</annotation>
