<annotation>
	<folder>images</folder>
	<filename>046_03.jpg</filename>
	<path>C:\Users\靳凯旗\Desktop\data\images\046_03.jpg</path>
	<source>
		<database>Unknown</database>
	</source>
	<size>
		<width>141</width>
		<height>161</height>
		<depth>3</depth>
	</size>
	<segmented>0</segmented>
	<object>
		<name>smoke</name>
		<pose>Unspecified</pose>
		<truncated>0</truncated>
		<difficult>0</difficult>
		<bndbox>
			<xmin>69</xmin>
			<ymin>50</ymin>
			<xmax>96</xmax>
			<ymax>131</ymax>
		</bndbox>
	</object>
</annotation>
