<annotation>
	<folder>抽烟1</folder>
	<filename>QJ8534225240.jpg</filename>
	<path>D:\linhaihua3\Desktop\抽烟11\抽烟1\QJ8534225240.jpg</path>
	<source>
		<database>Unknown</database>
	</source>
	<size>
		<width>1023</width>
		<height>681</height>
		<depth>3</depth>
	</size>
	<segmented>0</segmented>
	<object>
		<name>smoke</name>
		<pose>Unspecified</pose>
		<truncated>0</truncated>
		<difficult>0</difficult>
		<bndbox>
			<xmin>306</xmin>
			<ymin>294</ymin>
			<xmax>656</xmax>
			<ymax>435</ymax>
		</bndbox>
	</object>
</annotation>
