<annotation>
	<folder>抽烟</folder>
	<filename>101.jpg</filename>
	<path>D:\linhaihua3\Desktop\抽烟\101.jpg</path>
	<source>
		<database>Unknown</database>
	</source>
	<size>
		<width>466</width>
		<height>625</height>
		<depth>3</depth>
	</size>
	<segmented>0</segmented>
	<object>
		<name>smoke</name>
		<pose>Unspecified</pose>
		<truncated>0</truncated>
		<difficult>0</difficult>
		<bndbox>
			<xmin>294</xmin>
			<ymin>328</ymin>
			<xmax>359</xmax>
			<ymax>363</ymax>
		</bndbox>
	</object>
</annotation>
