<annotation>
	<folder>抽烟1</folder>
	<filename>QJ6435627123.jpg</filename>
	<path>D:\linhaihua3\Desktop\抽烟11\抽烟1\QJ6435627123.jpg</path>
	<source>
		<database>Unknown</database>
	</source>
	<size>
		<width>600</width>
		<height>400</height>
		<depth>3</depth>
	</size>
	<segmented>0</segmented>
	<object>
		<name>smoke</name>
		<pose>Unspecified</pose>
		<truncated>0</truncated>
		<difficult>0</difficult>
		<bndbox>
			<xmin>243</xmin>
			<ymin>228</ymin>
			<xmax>284</xmax>
			<ymax>241</ymax>
		</bndbox>
	</object>
	<object>
		<name>smoke</name>
		<pose>Unspecified</pose>
		<truncated>0</truncated>
		<difficult>0</difficult>
		<bndbox>
			<xmin>419</xmin>
			<ymin>83</ymin>
			<xmax>478</xmax>
			<ymax>120</ymax>
		</bndbox>
	</object>
</annotation>
