<annotation>
	<folder>抽烟</folder>
	<filename>002.jpg</filename>
	<path>D:\linhaihua3\Desktop\抽烟\002.jpg</path>
	<source>
		<database>Unknown</database>
	</source>
	<size>
		<width>510</width>
		<height>510</height>
		<depth>3</depth>
	</size>
	<segmented>0</segmented>
	<object>
		<name>smoke</name>
		<pose>Unspecified</pose>
		<truncated>0</truncated>
		<difficult>0</difficult>
		<bndbox>
			<xmin>301</xmin>
			<ymin>313</ymin>
			<xmax>388</xmax>
			<ymax>442</ymax>
		</bndbox>
	</object>
</annotation>
