<annotation>
	<folder>抽烟</folder>
	<filename>125.jpg</filename>
	<path>D:\linhaihua3\Desktop\抽烟\125.jpg</path>
	<source>
		<database>Unknown</database>
	</source>
	<size>
		<width>500</width>
		<height>620</height>
		<depth>3</depth>
	</size>
	<segmented>0</segmented>
	<object>
		<name>smoke</name>
		<pose>Unspecified</pose>
		<truncated>0</truncated>
		<difficult>0</difficult>
		<bndbox>
			<xmin>37</xmin>
			<ymin>26</ymin>
			<xmax>323</xmax>
			<ymax>298</ymax>
		</bndbox>
	</object>
</annotation>
