<annotation>
	<folder>images</folder>
	<filename>013_03.jpg</filename>
	<path>C:\Users\靳凯旗\Desktop\data\images\013_03.jpg</path>
	<source>
		<database>Unknown</database>
	</source>
	<size>
		<width>247</width>
		<height>371</height>
		<depth>3</depth>
	</size>
	<segmented>0</segmented>
	<object>
		<name>smoke</name>
		<pose>Unspecified</pose>
		<truncated>0</truncated>
		<difficult>0</difficult>
		<bndbox>
			<xmin>116</xmin>
			<ymin>95</ymin>
			<xmax>162</xmax>
			<ymax>120</ymax>
		</bndbox>
	</object>
</annotation>
