<annotation>
	<folder>抽烟1</folder>
	<filename>下载1.jpg</filename>
	<path>D:\linhaihua3\Desktop\抽烟11\抽烟1\下载1.jpg</path>
	<source>
		<database>Unknown</database>
	</source>
	<size>
		<width>500</width>
		<height>500</height>
		<depth>3</depth>
	</size>
	<segmented>0</segmented>
	<object>
		<name>smoke</name>
		<pose>Unspecified</pose>
		<truncated>0</truncated>
		<difficult>0</difficult>
		<bndbox>
			<xmin>79</xmin>
			<ymin>145</ymin>
			<xmax>235</xmax>
			<ymax>191</ymax>
		</bndbox>
	</object>
</annotation>
