<annotation>
	<folder>抽烟1</folder>
	<filename>QJ6666406818.jpg</filename>
	<path>D:\linhaihua3\Desktop\抽烟11\抽烟1\QJ6666406818.jpg</path>
	<source>
		<database>Unknown</database>
	</source>
	<size>
		<width>400</width>
		<height>298</height>
		<depth>3</depth>
	</size>
	<segmented>0</segmented>
	<object>
		<name>smoke</name>
		<pose>Unspecified</pose>
		<truncated>0</truncated>
		<difficult>0</difficult>
		<bndbox>
			<xmin>53</xmin>
			<ymin>31</ymin>
			<xmax>360</xmax>
			<ymax>120</ymax>
		</bndbox>
	</object>
	<object>
		<name>smoke</name>
		<pose>Unspecified</pose>
		<truncated>0</truncated>
		<difficult>0</difficult>
		<bndbox>
			<xmin>55</xmin>
			<ymin>153</ymin>
			<xmax>368</xmax>
			<ymax>262</ymax>
		</bndbox>
	</object>
</annotation>
