<annotation>
	<folder>抽烟1</folder>
	<filename>QJ7185234987.jpg</filename>
	<path>D:\linhaihua3\Desktop\抽烟11\抽烟1\QJ7185234987.jpg</path>
	<source>
		<database>Unknown</database>
	</source>
	<size>
		<width>772</width>
		<height>513</height>
		<depth>3</depth>
	</size>
	<segmented>0</segmented>
	<object>
		<name>smoke</name>
		<pose>Unspecified</pose>
		<truncated>0</truncated>
		<difficult>0</difficult>
		<bndbox>
			<xmin>133</xmin>
			<ymin>237</ymin>
			<xmax>625</xmax>
			<ymax>340</ymax>
		</bndbox>
	</object>
</annotation>
