<annotation>
	<folder>抽烟</folder>
	<filename>268.jpg</filename>
	<path>D:\linhaihua3\Desktop\抽烟\268.jpg</path>
	<source>
		<database>Unknown</database>
	</source>
	<size>
		<width>1280</width>
		<height>720</height>
		<depth>3</depth>
	</size>
	<segmented>0</segmented>
	<object>
		<name>smoke</name>
		<pose>Unspecified</pose>
		<truncated>0</truncated>
		<difficult>0</difficult>
		<bndbox>
			<xmin>510</xmin>
			<ymin>324</ymin>
			<xmax>575</xmax>
			<ymax>417</ymax>
		</bndbox>
	</object>
</annotation>
