<annotation>
	<folder>抽烟1</folder>
	<filename>u=8607760,4123432554&amp;fm=26&amp;gp=0.jpg</filename>
	<path>D:\linhaihua3\Desktop\抽烟11\抽烟1\u=8607760,4123432554&amp;fm=26&amp;gp=0.jpg</path>
	<source>
		<database>Unknown</database>
	</source>
	<size>
		<width>423</width>
		<height>300</height>
		<depth>3</depth>
	</size>
	<segmented>0</segmented>
	<object>
		<name>smoke</name>
		<pose>Unspecified</pose>
		<truncated>0</truncated>
		<difficult>0</difficult>
		<bndbox>
			<xmin>218</xmin>
			<ymin>70</ymin>
			<xmax>311</xmax>
			<ymax>111</ymax>
		</bndbox>
	</object>
</annotation>
