<annotation>
	<folder>抽烟</folder>
	<filename>090.jpg</filename>
	<path>D:\linhaihua3\Desktop\抽烟\090.jpg</path>
	<source>
		<database>Unknown</database>
	</source>
	<size>
		<width>500</width>
		<height>334</height>
		<depth>3</depth>
	</size>
	<segmented>0</segmented>
	<object>
		<name>smoke</name>
		<pose>Unspecified</pose>
		<truncated>0</truncated>
		<difficult>0</difficult>
		<bndbox>
			<xmin>218</xmin>
			<ymin>206</ymin>
			<xmax>350</xmax>
			<ymax>264</ymax>
		</bndbox>
	</object>
</annotation>
