<annotation>
	<folder>抽烟</folder>
	<filename>055.jpg</filename>
	<path>D:\linhaihua3\Desktop\抽烟\055.jpg</path>
	<source>
		<database>Unknown</database>
	</source>
	<size>
		<width>800</width>
		<height>530</height>
		<depth>3</depth>
	</size>
	<segmented>0</segmented>
	<object>
		<name>smoke</name>
		<pose>Unspecified</pose>
		<truncated>0</truncated>
		<difficult>0</difficult>
		<bndbox>
			<xmin>212</xmin>
			<ymin>100</ymin>
			<xmax>309</xmax>
			<ymax>182</ymax>
		</bndbox>
	</object>
</annotation>
