<annotation>
	<folder>抽烟1</folder>
	<filename>QJ5103267953.jpg</filename>
	<path>D:\linhaihua3\Desktop\抽烟11\抽烟1\QJ5103267953.jpg</path>
	<source>
		<database>Unknown</database>
	</source>
	<size>
		<width>800</width>
		<height>534</height>
		<depth>3</depth>
	</size>
	<segmented>0</segmented>
	<object>
		<name>smoke</name>
		<pose>Unspecified</pose>
		<truncated>0</truncated>
		<difficult>0</difficult>
		<bndbox>
			<xmin>258</xmin>
			<ymin>265</ymin>
			<xmax>422</xmax>
			<ymax>362</ymax>
		</bndbox>
	</object>
</annotation>
