<annotation>
	<folder>抽烟1</folder>
	<filename>QJ6943405346.jpg</filename>
	<path>D:\linhaihua3\Desktop\抽烟11\抽烟1\QJ6943405346.jpg</path>
	<source>
		<database>Unknown</database>
	</source>
	<size>
		<width>600</width>
		<height>509</height>
		<depth>3</depth>
	</size>
	<segmented>0</segmented>
	<object>
		<name>smoke</name>
		<pose>Unspecified</pose>
		<truncated>0</truncated>
		<difficult>0</difficult>
		<bndbox>
			<xmin>225</xmin>
			<ymin>223</ymin>
			<xmax>293</xmax>
			<ymax>245</ymax>
		</bndbox>
	</object>
	<object>
		<name>smoke</name>
		<pose>Unspecified</pose>
		<truncated>0</truncated>
		<difficult>0</difficult>
		<bndbox>
			<xmin>378</xmin>
			<ymin>308</ymin>
			<xmax>461</xmax>
			<ymax>341</ymax>
		</bndbox>
	</object>
</annotation>
