<annotation>
	<folder>images</folder>
	<filename>044_03.jpg</filename>
	<path>C:\Users\靳凯旗\Desktop\data\images\044_03.jpg</path>
	<source>
		<database>Unknown</database>
	</source>
	<size>
		<width>70</width>
		<height>76</height>
		<depth>3</depth>
	</size>
	<segmented>0</segmented>
	<object>
		<name>smoke</name>
		<pose>Unspecified</pose>
		<truncated>0</truncated>
		<difficult>0</difficult>
		<bndbox>
			<xmin>27</xmin>
			<ymin>30</ymin>
			<xmax>37</xmax>
			<ymax>43</ymax>
		</bndbox>
	</object>
</annotation>
