<annotation>
	<folder>抽烟1</folder>
	<filename>QJ7110243970 (1).jpg</filename>
	<path>D:\linhaihua3\Desktop\抽烟11\抽烟1\QJ7110243970 (1).jpg</path>
	<source>
		<database>Unknown</database>
	</source>
	<size>
		<width>800</width>
		<height>790</height>
		<depth>3</depth>
	</size>
	<segmented>0</segmented>
	<object>
		<name>smoke</name>
		<pose>Unspecified</pose>
		<truncated>0</truncated>
		<difficult>0</difficult>
		<bndbox>
			<xmin>386</xmin>
			<ymin>478</ymin>
			<xmax>409</xmax>
			<ymax>531</ymax>
		</bndbox>
	</object>
</annotation>
