<annotation>
	<folder>抽烟</folder>
	<filename>068.jpg</filename>
	<path>D:\linhaihua3\Desktop\抽烟\068.jpg</path>
	<source>
		<database>Unknown</database>
	</source>
	<size>
		<width>535</width>
		<height>300</height>
		<depth>3</depth>
	</size>
	<segmented>0</segmented>
	<object>
		<name>smoke</name>
		<pose>Unspecified</pose>
		<truncated>0</truncated>
		<difficult>0</difficult>
		<bndbox>
			<xmin>375</xmin>
			<ymin>144</ymin>
			<xmax>397</xmax>
			<ymax>180</ymax>
		</bndbox>
	</object>
</annotation>
