<annotation>
	<folder>抽烟1</folder>
	<filename>u=3639778466,2864821417&amp;fm=26&amp;gp=0.jpg</filename>
	<path>D:\linhaihua3\Desktop\抽烟11\抽烟1\u=3639778466,2864821417&amp;fm=26&amp;gp=0.jpg</path>
	<source>
		<database>Unknown</database>
	</source>
	<size>
		<width>500</width>
		<height>546</height>
		<depth>3</depth>
	</size>
	<segmented>0</segmented>
	<object>
		<name>smoke</name>
		<pose>Unspecified</pose>
		<truncated>0</truncated>
		<difficult>0</difficult>
		<bndbox>
			<xmin>151</xmin>
			<ymin>208</ymin>
			<xmax>273</xmax>
			<ymax>253</ymax>
		</bndbox>
	</object>
</annotation>
