<annotation>
	<folder>抽烟</folder>
	<filename>082.jpg</filename>
	<path>D:\linhaihua3\Desktop\抽烟\082.jpg</path>
	<source>
		<database>Unknown</database>
	</source>
	<size>
		<width>499</width>
		<height>366</height>
		<depth>3</depth>
	</size>
	<segmented>0</segmented>
	<object>
		<name>smoke</name>
		<pose>Unspecified</pose>
		<truncated>0</truncated>
		<difficult>0</difficult>
		<bndbox>
			<xmin>301</xmin>
			<ymin>209</ymin>
			<xmax>347</xmax>
			<ymax>290</ymax>
		</bndbox>
	</object>
</annotation>
