<annotation>
	<folder>抽烟1</folder>
	<filename>QJ6234987575.jpg</filename>
	<path>D:\linhaihua3\Desktop\抽烟11\抽烟1\QJ6234987575.jpg</path>
	<source>
		<database>Unknown</database>
	</source>
	<size>
		<width>600</width>
		<height>412</height>
		<depth>3</depth>
	</size>
	<segmented>0</segmented>
	<object>
		<name>smoke</name>
		<pose>Unspecified</pose>
		<truncated>0</truncated>
		<difficult>0</difficult>
		<bndbox>
			<xmin>127</xmin>
			<ymin>254</ymin>
			<xmax>183</xmax>
			<ymax>304</ymax>
		</bndbox>
	</object>
</annotation>
