<annotation>
	<folder>抽烟</folder>
	<filename>163.jpg</filename>
	<path>D:\linhaihua3\Desktop\抽烟\163.jpg</path>
	<source>
		<database>Unknown</database>
	</source>
	<size>
		<width>848</width>
		<height>480</height>
		<depth>3</depth>
	</size>
	<segmented>0</segmented>
	<object>
		<name>smoke</name>
		<pose>Unspecified</pose>
		<truncated>0</truncated>
		<difficult>0</difficult>
		<bndbox>
			<xmin>257</xmin>
			<ymin>279</ymin>
			<xmax>291</xmax>
			<ymax>352</ymax>
		</bndbox>
	</object>
</annotation>
