<annotation>
	<folder>images</folder>
	<filename>042_05.jpg</filename>
	<path>C:\Users\靳凯旗\Desktop\data\images\042_05.jpg</path>
	<source>
		<database>Unknown</database>
	</source>
	<size>
		<width>105</width>
		<height>139</height>
		<depth>3</depth>
	</size>
	<segmented>0</segmented>
	<object>
		<name>smoke</name>
		<pose>Unspecified</pose>
		<truncated>0</truncated>
		<difficult>0</difficult>
		<bndbox>
			<xmin>6</xmin>
			<ymin>33</ymin>
			<xmax>29</xmax>
			<ymax>57</ymax>
		</bndbox>
	</object>
</annotation>
