<annotation>
	<folder>抽烟1</folder>
	<filename>QJ8546541401.jpg</filename>
	<path>D:\linhaihua3\Desktop\抽烟11\抽烟1\QJ8546541401.jpg</path>
	<source>
		<database>Unknown</database>
	</source>
	<size>
		<width>1023</width>
		<height>685</height>
		<depth>3</depth>
	</size>
	<segmented>0</segmented>
	<object>
		<name>smoke</name>
		<pose>Unspecified</pose>
		<truncated>0</truncated>
		<difficult>0</difficult>
		<bndbox>
			<xmin>650</xmin>
			<ymin>65</ymin>
			<xmax>902</xmax>
			<ymax>223</ymax>
		</bndbox>
	</object>
</annotation>
