<annotation>
	<folder>images</folder>
	<filename>000_05.jpg</filename>
	<path>C:\Users\靳凯旗\Desktop\data\images\000_05.jpg</path>
	<source>
		<database>Unknown</database>
	</source>
	<size>
		<width>71</width>
		<height>70</height>
		<depth>3</depth>
	</size>
	<segmented>0</segmented>
	<object>
		<name>smoke</name>
		<pose>Unspecified</pose>
		<truncated>0</truncated>
		<difficult>0</difficult>
		<bndbox>
			<xmin>19</xmin>
			<ymin>47</ymin>
			<xmax>47</xmax>
			<ymax>65</ymax>
		</bndbox>
	</object>
</annotation>
