<annotation>
	<folder>抽烟</folder>
	<filename>064.jpg</filename>
	<path>D:\linhaihua3\Desktop\抽烟\064.jpg</path>
	<source>
		<database>Unknown</database>
	</source>
	<size>
		<width>397</width>
		<height>250</height>
		<depth>3</depth>
	</size>
	<segmented>0</segmented>
	<object>
		<name>smoke</name>
		<pose>Unspecified</pose>
		<truncated>0</truncated>
		<difficult>0</difficult>
		<bndbox>
			<xmin>97</xmin>
			<ymin>117</ymin>
			<xmax>160</xmax>
			<ymax>137</ymax>
		</bndbox>
	</object>
</annotation>
