<annotation>
	<folder>抽烟</folder>
	<filename>084.jpg</filename>
	<path>D:\linhaihua3\Desktop\抽烟\084.jpg</path>
	<source>
		<database>Unknown</database>
	</source>
	<size>
		<width>354</width>
		<height>262</height>
		<depth>3</depth>
	</size>
	<segmented>0</segmented>
	<object>
		<name>smoke</name>
		<pose>Unspecified</pose>
		<truncated>0</truncated>
		<difficult>0</difficult>
		<bndbox>
			<xmin>29</xmin>
			<ymin>114</ymin>
			<xmax>85</xmax>
			<ymax>194</ymax>
		</bndbox>
	</object>
</annotation>
