<annotation>
	<folder>抽烟</folder>
	<filename>089.jpg</filename>
	<path>D:\linhaihua3\Desktop\抽烟\089.jpg</path>
	<source>
		<database>Unknown</database>
	</source>
	<size>
		<width>500</width>
		<height>333</height>
		<depth>3</depth>
	</size>
	<segmented>0</segmented>
	<object>
		<name>smoke</name>
		<pose>Unspecified</pose>
		<truncated>0</truncated>
		<difficult>0</difficult>
		<bndbox>
			<xmin>245</xmin>
			<ymin>166</ymin>
			<xmax>293</xmax>
			<ymax>186</ymax>
		</bndbox>
	</object>
</annotation>
