<annotation verified="yes">
	<folder>抽烟</folder>
	<filename>351.jpg</filename>
	<path>D:\linhaihua3\Desktop\抽烟\351.jpg</path>
	<source>
		<database>Unknown</database>
	</source>
	<size>
		<width>848</width>
		<height>480</height>
		<depth>3</depth>
	</size>
	<segmented>0</segmented>
	<object>
		<name>smoke</name>
		<pose>Unspecified</pose>
		<truncated>0</truncated>
		<difficult>0</difficult>
		<bndbox>
			<xmin>325</xmin>
			<ymin>287</ymin>
			<xmax>361</xmax>
			<ymax>330</ymax>
		</bndbox>
	</object>
</annotation>
