<annotation>
	<folder>抽烟1</folder>
	<filename>QJ6309298992.jpg</filename>
	<path>D:\linhaihua3\Desktop\抽烟11\抽烟1\QJ6309298992.jpg</path>
	<source>
		<database>Unknown</database>
	</source>
	<size>
		<width>600</width>
		<height>399</height>
		<depth>3</depth>
	</size>
	<segmented>0</segmented>
	<object>
		<name>smoke</name>
		<pose>Unspecified</pose>
		<truncated>0</truncated>
		<difficult>0</difficult>
		<bndbox>
			<xmin>158</xmin>
			<ymin>269</ymin>
			<xmax>291</xmax>
			<ymax>297</ymax>
		</bndbox>
	</object>
	<object>
		<name>smoke</name>
		<pose>Unspecified</pose>
		<truncated>0</truncated>
		<difficult>0</difficult>
		<bndbox>
			<xmin>92</xmin>
			<ymin>328</ymin>
			<xmax>230</xmax>
			<ymax>347</ymax>
		</bndbox>
	</object>
	<object>
		<name>smoke</name>
		<pose>Unspecified</pose>
		<truncated>0</truncated>
		<difficult>0</difficult>
		<bndbox>
			<xmin>439</xmin>
			<ymin>344</ymin>
			<xmax>570</xmax>
			<ymax>361</ymax>
		</bndbox>
	</object>
</annotation>
