<annotation>
	<folder>抽烟</folder>
	<filename>121.jpg</filename>
	<path>D:\linhaihua3\Desktop\抽烟\121.jpg</path>
	<source>
		<database>Unknown</database>
	</source>
	<size>
		<width>383</width>
		<height>220</height>
		<depth>3</depth>
	</size>
	<segmented>0</segmented>
	<object>
		<name>smoke</name>
		<pose>Unspecified</pose>
		<truncated>0</truncated>
		<difficult>0</difficult>
		<bndbox>
			<xmin>101</xmin>
			<ymin>84</ymin>
			<xmax>179</xmax>
			<ymax>115</ymax>
		</bndbox>
	</object>
</annotation>
