<annotation>
	<folder>images</folder>
	<filename>002_03.jpg</filename>
	<path>C:\Users\靳凯旗\Desktop\data\images\002_03.jpg</path>
	<source>
		<database>Unknown</database>
	</source>
	<size>
		<width>238</width>
		<height>189</height>
		<depth>3</depth>
	</size>
	<segmented>0</segmented>
	<object>
		<name>smoke</name>
		<pose>Unspecified</pose>
		<truncated>0</truncated>
		<difficult>0</difficult>
		<bndbox>
			<xmin>101</xmin>
			<ymin>46</ymin>
			<xmax>203</xmax>
			<ymax>177</ymax>
		</bndbox>
	</object>
</annotation>
