<annotation>
	<folder>抽烟</folder>
	<filename>057.jpg</filename>
	<path>D:\linhaihua3\Desktop\抽烟\057.jpg</path>
	<source>
		<database>Unknown</database>
	</source>
	<size>
		<width>800</width>
		<height>532</height>
		<depth>3</depth>
	</size>
	<segmented>0</segmented>
	<object>
		<name>smoke</name>
		<pose>Unspecified</pose>
		<truncated>0</truncated>
		<difficult>0</difficult>
		<bndbox>
			<xmin>268</xmin>
			<ymin>370</ymin>
			<xmax>456</xmax>
			<ymax>432</ymax>
		</bndbox>
	</object>
</annotation>
