<annotation>
	<folder>抽烟</folder>
	<filename>103.jpg</filename>
	<path>D:\linhaihua3\Desktop\抽烟\103.jpg</path>
	<source>
		<database>Unknown</database>
	</source>
	<size>
		<width>491</width>
		<height>366</height>
		<depth>3</depth>
	</size>
	<segmented>0</segmented>
	<object>
		<name>smoke</name>
		<pose>Unspecified</pose>
		<truncated>0</truncated>
		<difficult>0</difficult>
		<bndbox>
			<xmin>85</xmin>
			<ymin>176</ymin>
			<xmax>170</xmax>
			<ymax>211</ymax>
		</bndbox>
	</object>
</annotation>
