<annotation>
	<folder>抽烟</folder>
	<filename>071.jpg</filename>
	<path>D:\linhaihua3\Desktop\抽烟\071.jpg</path>
	<source>
		<database>Unknown</database>
	</source>
	<size>
		<width>500</width>
		<height>500</height>
		<depth>3</depth>
	</size>
	<segmented>0</segmented>
	<object>
		<name>smoke</name>
		<pose>Unspecified</pose>
		<truncated>0</truncated>
		<difficult>0</difficult>
		<bndbox>
			<xmin>336</xmin>
			<ymin>173</ymin>
			<xmax>415</xmax>
			<ymax>232</ymax>
		</bndbox>
	</object>
</annotation>
