<annotation>
	<folder>images</folder>
	<filename>021_01.jpg</filename>
	<path>C:\Users\靳凯旗\Desktop\data\images\021_01.jpg</path>
	<source>
		<database>Unknown</database>
	</source>
	<size>
		<width>248</width>
		<height>240</height>
		<depth>3</depth>
	</size>
	<segmented>0</segmented>
	<object>
		<name>smoke</name>
		<pose>Unspecified</pose>
		<truncated>0</truncated>
		<difficult>0</difficult>
		<bndbox>
			<xmin>32</xmin>
			<ymin>72</ymin>
			<xmax>241</xmax>
			<ymax>214</ymax>
		</bndbox>
	</object>
</annotation>
