<annotation>
	<folder>抽烟</folder>
	<filename>093.jpg</filename>
	<path>D:\linhaihua3\Desktop\抽烟\093.jpg</path>
	<source>
		<database>Unknown</database>
	</source>
	<size>
		<width>336</width>
		<height>220</height>
		<depth>3</depth>
	</size>
	<segmented>0</segmented>
	<object>
		<name>smoke</name>
		<pose>Unspecified</pose>
		<truncated>0</truncated>
		<difficult>0</difficult>
		<bndbox>
			<xmin>109</xmin>
			<ymin>115</ymin>
			<xmax>142</xmax>
			<ymax>137</ymax>
		</bndbox>
	</object>
</annotation>
