<annotation>
	<folder>抽烟</folder>
	<filename>099.jpg</filename>
	<path>D:\linhaihua3\Desktop\抽烟\099.jpg</path>
	<source>
		<database>Unknown</database>
	</source>
	<size>
		<width>423</width>
		<height>300</height>
		<depth>3</depth>
	</size>
	<segmented>0</segmented>
	<object>
		<name>smoke</name>
		<pose>Unspecified</pose>
		<truncated>0</truncated>
		<difficult>0</difficult>
		<bndbox>
			<xmin>214</xmin>
			<ymin>69</ymin>
			<xmax>315</xmax>
			<ymax>107</ymax>
		</bndbox>
	</object>
</annotation>
