<annotation>
	<folder>images</folder>
	<filename>023_03.jpg</filename>
	<path>C:\Users\靳凯旗\Desktop\data\images\023_03.jpg</path>
	<source>
		<database>Unknown</database>
	</source>
	<size>
		<width>242</width>
		<height>249</height>
		<depth>3</depth>
	</size>
	<segmented>0</segmented>
	<object>
		<name>smoke</name>
		<pose>Unspecified</pose>
		<truncated>0</truncated>
		<difficult>0</difficult>
		<bndbox>
			<xmin>168</xmin>
			<ymin>157</ymin>
			<xmax>236</xmax>
			<ymax>213</ymax>
		</bndbox>
	</object>
</annotation>
