<annotation>
	<folder>抽烟</folder>
	<filename>056.jpg</filename>
	<path>D:\linhaihua3\Desktop\抽烟\056.jpg</path>
	<source>
		<database>Unknown</database>
	</source>
	<size>
		<width>592</width>
		<height>600</height>
		<depth>3</depth>
	</size>
	<segmented>0</segmented>
	<object>
		<name>smoke</name>
		<pose>Unspecified</pose>
		<truncated>0</truncated>
		<difficult>0</difficult>
		<bndbox>
			<xmin>49</xmin>
			<ymin>435</ymin>
			<xmax>150</xmax>
			<ymax>467</ymax>
		</bndbox>
	</object>
</annotation>
