<annotation>
	<folder>抽烟1</folder>
	<filename>QJ6753083901.jpg</filename>
	<path>D:\linhaihua3\Desktop\抽烟11\抽烟1\QJ6753083901.jpg</path>
	<source>
		<database>Unknown</database>
	</source>
	<size>
		<width>600</width>
		<height>400</height>
		<depth>3</depth>
	</size>
	<segmented>0</segmented>
	<object>
		<name>smoke</name>
		<pose>Unspecified</pose>
		<truncated>0</truncated>
		<difficult>0</difficult>
		<bndbox>
			<xmin>285</xmin>
			<ymin>179</ymin>
			<xmax>412</xmax>
			<ymax>299</ymax>
		</bndbox>
	</object>
	<object>
		<name>smoke</name>
		<pose>Unspecified</pose>
		<truncated>0</truncated>
		<difficult>0</difficult>
		<bndbox>
			<xmin>287</xmin>
			<ymin>302</ymin>
			<xmax>414</xmax>
			<ymax>396</ymax>
		</bndbox>
	</object>
</annotation>
