<annotation verified="yes">
	<folder>抽烟</folder>
	<filename>004.jpg</filename>
	<path>D:\linhaihua3\Desktop\抽烟\004.jpg</path>
	<source>
		<database>Unknown</database>
	</source>
	<size>
		<width>800</width>
		<height>530</height>
		<depth>3</depth>
	</size>
	<segmented>0</segmented>
	<object>
		<name>smoke</name>
		<pose>Unspecified</pose>
		<truncated>0</truncated>
		<difficult>0</difficult>
		<bndbox>
			<xmin>403</xmin>
			<ymin>120</ymin>
			<xmax>606</xmax>
			<ymax>250</ymax>
		</bndbox>
	</object>
</annotation>
