<annotation>
	<folder>抽烟1</folder>
	<filename>QJ7170692717.jpg</filename>
	<path>D:\linhaihua3\Desktop\抽烟11\抽烟1\QJ7170692717.jpg</path>
	<source>
		<database>Unknown</database>
	</source>
	<size>
		<width>674</width>
		<height>449</height>
		<depth>3</depth>
	</size>
	<segmented>0</segmented>
	<object>
		<name>smoke</name>
		<pose>Unspecified</pose>
		<truncated>0</truncated>
		<difficult>0</difficult>
		<bndbox>
			<xmin>275</xmin>
			<ymin>205</ymin>
			<xmax>327</xmax>
			<ymax>238</ymax>
		</bndbox>
	</object>
</annotation>
