<annotation>
	<folder>抽烟1</folder>
	<filename>QJ8689650524.jpg</filename>
	<path>D:\linhaihua3\Desktop\抽烟11\抽烟1\QJ8689650524.jpg</path>
	<source>
		<database>Unknown</database>
	</source>
	<size>
		<width>1023</width>
		<height>682</height>
		<depth>3</depth>
	</size>
	<segmented>0</segmented>
	<object>
		<name>smoke</name>
		<pose>Unspecified</pose>
		<truncated>0</truncated>
		<difficult>0</difficult>
		<bndbox>
			<xmin>259</xmin>
			<ymin>127</ymin>
			<xmax>519</xmax>
			<ymax>211</ymax>
		</bndbox>
	</object>
</annotation>
