<annotation>
	<folder>抽烟</folder>
	<filename>073.jpg</filename>
	<path>D:\linhaihua3\Desktop\抽烟\073.jpg</path>
	<source>
		<database>Unknown</database>
	</source>
	<size>
		<width>474</width>
		<height>471</height>
		<depth>1</depth>
	</size>
	<segmented>0</segmented>
	<object>
		<name>smoke</name>
		<pose>Unspecified</pose>
		<truncated>0</truncated>
		<difficult>0</difficult>
		<bndbox>
			<xmin>116</xmin>
			<ymin>302</ymin>
			<xmax>213</xmax>
			<ymax>394</ymax>
		</bndbox>
	</object>
</annotation>
