<annotation>
	<folder>抽烟</folder>
	<filename>075.jpg</filename>
	<path>D:\linhaihua3\Desktop\抽烟\075.jpg</path>
	<source>
		<database>Unknown</database>
	</source>
	<size>
		<width>723</width>
		<height>300</height>
		<depth>3</depth>
	</size>
	<segmented>0</segmented>
	<object>
		<name>smoke</name>
		<pose>Unspecified</pose>
		<truncated>0</truncated>
		<difficult>0</difficult>
		<bndbox>
			<xmin>417</xmin>
			<ymin>172</ymin>
			<xmax>458</xmax>
			<ymax>244</ymax>
		</bndbox>
	</object>
</annotation>
