<annotation>
	<folder>抽烟</folder>
	<filename>114.jpg</filename>
	<path>D:\linhaihua3\Desktop\抽烟\114.jpg</path>
	<source>
		<database>Unknown</database>
	</source>
	<size>
		<width>500</width>
		<height>500</height>
		<depth>3</depth>
	</size>
	<segmented>0</segmented>
	<object>
		<name>smoke</name>
		<pose>Unspecified</pose>
		<truncated>0</truncated>
		<difficult>0</difficult>
		<bndbox>
			<xmin>267</xmin>
			<ymin>116</ymin>
			<xmax>462</xmax>
			<ymax>193</ymax>
		</bndbox>
	</object>
</annotation>
