<annotation>
	<folder>抽烟</folder>
	<filename>134.jpg</filename>
	<path>D:\linhaihua3\Desktop\抽烟\134.jpg</path>
	<source>
		<database>Unknown</database>
	</source>
	<size>
		<width>318</width>
		<height>300</height>
		<depth>3</depth>
	</size>
	<segmented>0</segmented>
	<object>
		<name>smoke</name>
		<pose>Unspecified</pose>
		<truncated>0</truncated>
		<difficult>0</difficult>
		<bndbox>
			<xmin>134</xmin>
			<ymin>184</ymin>
			<xmax>203</xmax>
			<ymax>214</ymax>
		</bndbox>
	</object>
</annotation>
