<annotation>
	<folder>抽烟1</folder>
	<filename>QJ8120676182.jpg</filename>
	<path>D:\linhaihua3\Desktop\抽烟11\抽烟1\QJ8120676182.jpg</path>
	<source>
		<database>Unknown</database>
	</source>
	<size>
		<width>600</width>
		<height>460</height>
		<depth>3</depth>
	</size>
	<segmented>0</segmented>
	<object>
		<name>smoke</name>
		<pose>Unspecified</pose>
		<truncated>0</truncated>
		<difficult>0</difficult>
		<bndbox>
			<xmin>411</xmin>
			<ymin>136</ymin>
			<xmax>436</xmax>
			<ymax>243</ymax>
		</bndbox>
	</object>
</annotation>
