<annotation>
	<folder>抽烟</folder>
	<filename>137.jpg</filename>
	<path>D:\linhaihua3\Desktop\抽烟\137.jpg</path>
	<source>
		<database>Unknown</database>
	</source>
	<size>
		<width>500</width>
		<height>331</height>
		<depth>3</depth>
	</size>
	<segmented>0</segmented>
	<object>
		<name>smoke</name>
		<pose>Unspecified</pose>
		<truncated>0</truncated>
		<difficult>0</difficult>
		<bndbox>
			<xmin>210</xmin>
			<ymin>223</ymin>
			<xmax>332</xmax>
			<ymax>253</ymax>
		</bndbox>
	</object>
</annotation>
