<annotation>
	<folder>抽烟</folder>
	<filename>007.jpg</filename>
	<path>D:\linhaihua3\Desktop\抽烟\007.jpg</path>
	<source>
		<database>Unknown</database>
	</source>
	<size>
		<width>400</width>
		<height>400</height>
		<depth>3</depth>
	</size>
	<segmented>0</segmented>
	<object>
		<name>smoke</name>
		<pose>Unspecified</pose>
		<truncated>0</truncated>
		<difficult>0</difficult>
		<bndbox>
			<xmin>351</xmin>
			<ymin>172</ymin>
			<xmax>391</xmax>
			<ymax>202</ymax>
		</bndbox>
	</object>
</annotation>
