<annotation>
	<folder>抽烟</folder>
	<filename>100.jpg</filename>
	<path>D:\linhaihua3\Desktop\抽烟\100.jpg</path>
	<source>
		<database>Unknown</database>
	</source>
	<size>
		<width>440</width>
		<height>637</height>
		<depth>1</depth>
	</size>
	<segmented>0</segmented>
	<object>
		<name>smoke</name>
		<pose>Unspecified</pose>
		<truncated>0</truncated>
		<difficult>0</difficult>
		<bndbox>
			<xmin>56</xmin>
			<ymin>236</ymin>
			<xmax>154</xmax>
			<ymax>314</ymax>
		</bndbox>
	</object>
</annotation>
