<annotation>
	<folder>抽烟1</folder>
	<filename>QJ7106599490.jpg</filename>
	<path>D:\linhaihua3\Desktop\抽烟11\抽烟1\QJ7106599490.jpg</path>
	<source>
		<database>Unknown</database>
	</source>
	<size>
		<width>800</width>
		<height>534</height>
		<depth>3</depth>
	</size>
	<segmented>0</segmented>
	<object>
		<name>smoke</name>
		<pose>Unspecified</pose>
		<truncated>0</truncated>
		<difficult>0</difficult>
		<bndbox>
			<xmin>529</xmin>
			<ymin>200</ymin>
			<xmax>560</xmax>
			<ymax>224</ymax>
		</bndbox>
	</object>
</annotation>
