<annotation>
	<folder>抽烟</folder>
	<filename>263.jpg</filename>
	<path>D:\linhaihua3\Desktop\抽烟\263.jpg</path>
	<source>
		<database>Unknown</database>
	</source>
	<size>
		<width>1280</width>
		<height>720</height>
		<depth>3</depth>
	</size>
	<segmented>0</segmented>
	<object>
		<name>smoke</name>
		<pose>Unspecified</pose>
		<truncated>0</truncated>
		<difficult>0</difficult>
		<bndbox>
			<xmin>592</xmin>
			<ymin>306</ymin>
			<xmax>719</xmax>
			<ymax>370</ymax>
		</bndbox>
	</object>
</annotation>
