<annotation>
	<folder>抽烟1</folder>
	<filename>QJ7108995961.jpg</filename>
	<path>D:\linhaihua3\Desktop\抽烟11\抽烟1\QJ7108995961.jpg</path>
	<source>
		<database>Unknown</database>
	</source>
	<size>
		<width>800</width>
		<height>588</height>
		<depth>3</depth>
	</size>
	<segmented>0</segmented>
	<object>
		<name>smoke</name>
		<pose>Unspecified</pose>
		<truncated>0</truncated>
		<difficult>0</difficult>
		<bndbox>
			<xmin>352</xmin>
			<ymin>310</ymin>
			<xmax>437</xmax>
			<ymax>334</ymax>
		</bndbox>
	</object>
</annotation>
