<annotation>
	<folder>images</folder>
	<filename>016_03.jpg</filename>
	<path>C:\Users\靳凯旗\Desktop\data\images\016_03.jpg</path>
	<source>
		<database>Unknown</database>
	</source>
	<size>
		<width>431</width>
		<height>446</height>
		<depth>3</depth>
	</size>
	<segmented>0</segmented>
	<object>
		<name>smoke</name>
		<pose>Unspecified</pose>
		<truncated>0</truncated>
		<difficult>0</difficult>
		<bndbox>
			<xmin>55</xmin>
			<ymin>65</ymin>
			<xmax>151</xmax>
			<ymax>147</ymax>
		</bndbox>
	</object>
</annotation>
