<annotation>
	<folder>抽烟1</folder>
	<filename>QJ6963161349 (1).jpg</filename>
	<path>D:\linhaihua3\Desktop\抽烟11\抽烟1\QJ6963161349 (1).jpg</path>
	<source>
		<database>Unknown</database>
	</source>
	<size>
		<width>600</width>
		<height>380</height>
		<depth>3</depth>
	</size>
	<segmented>0</segmented>
	<object>
		<name>smoke</name>
		<pose>Unspecified</pose>
		<truncated>0</truncated>
		<difficult>0</difficult>
		<bndbox>
			<xmin>283</xmin>
			<ymin>231</ymin>
			<xmax>381</xmax>
			<ymax>273</ymax>
		</bndbox>
	</object>
</annotation>
