<annotation>
	<folder>抽烟1</folder>
	<filename>QJ8787811855.jpg</filename>
	<path>D:\linhaihua3\Desktop\抽烟11\抽烟1\QJ8787811855.jpg</path>
	<source>
		<database>Unknown</database>
	</source>
	<size>
		<width>1023</width>
		<height>683</height>
		<depth>3</depth>
	</size>
	<segmented>0</segmented>
	<object>
		<name>smoke</name>
		<pose>Unspecified</pose>
		<truncated>0</truncated>
		<difficult>0</difficult>
		<bndbox>
			<xmin>411</xmin>
			<ymin>178</ymin>
			<xmax>684</xmax>
			<ymax>275</ymax>
		</bndbox>
	</object>
</annotation>
