<annotation>
	<folder>images</folder>
	<filename>041_03.jpg</filename>
	<path>C:\Users\靳凯旗\Desktop\data\images\041_03.jpg</path>
	<source>
		<database>Unknown</database>
	</source>
	<size>
		<width>194</width>
		<height>123</height>
		<depth>3</depth>
	</size>
	<segmented>0</segmented>
	<object>
		<name>smoke</name>
		<pose>Unspecified</pose>
		<truncated>0</truncated>
		<difficult>0</difficult>
		<bndbox>
			<xmin>38</xmin>
			<ymin>40</ymin>
			<xmax>164</xmax>
			<ymax>113</ymax>
		</bndbox>
	</object>
</annotation>
