<annotation>
	<folder>抽烟</folder>
	<filename>140.jpg</filename>
	<path>D:\linhaihua3\Desktop\抽烟\140.jpg</path>
	<source>
		<database>Unknown</database>
	</source>
	<size>
		<width>500</width>
		<height>333</height>
		<depth>3</depth>
	</size>
	<segmented>0</segmented>
	<object>
		<name>smoke</name>
		<pose>Unspecified</pose>
		<truncated>0</truncated>
		<difficult>0</difficult>
		<bndbox>
			<xmin>75</xmin>
			<ymin>135</ymin>
			<xmax>231</xmax>
			<ymax>207</ymax>
		</bndbox>
	</object>
</annotation>
