<annotation>
	<folder>抽烟</folder>
	<filename>227.jpg</filename>
	<path>D:\linhaihua3\Desktop\抽烟\227.jpg</path>
	<source>
		<database>Unknown</database>
	</source>
	<size>
		<width>848</width>
		<height>480</height>
		<depth>3</depth>
	</size>
	<segmented>0</segmented>
	<object>
		<name>smoke</name>
		<pose>Unspecified</pose>
		<truncated>0</truncated>
		<difficult>0</difficult>
		<bndbox>
			<xmin>407</xmin>
			<ymin>169</ymin>
			<xmax>465</xmax>
			<ymax>194</ymax>
		</bndbox>
	</object>
</annotation>
