<annotation>
	<folder>抽烟</folder>
	<filename>171.jpg</filename>
	<path>D:\linhaihua3\Desktop\抽烟\171.jpg</path>
	<source>
		<database>Unknown</database>
	</source>
	<size>
		<width>848</width>
		<height>480</height>
		<depth>3</depth>
	</size>
	<segmented>0</segmented>
	<object>
		<name>smoke</name>
		<pose>Unspecified</pose>
		<truncated>0</truncated>
		<difficult>0</difficult>
		<bndbox>
			<xmin>247</xmin>
			<ymin>288</ymin>
			<xmax>304</xmax>
			<ymax>397</ymax>
		</bndbox>
	</object>
</annotation>
