<annotation>
	<folder>images</folder>
	<filename>027_03.jpg</filename>
	<path>C:\Users\靳凯旗\Desktop\data\images\027_03.jpg</path>
	<source>
		<database>Unknown</database>
	</source>
	<size>
		<width>134</width>
		<height>94</height>
		<depth>3</depth>
	</size>
	<segmented>0</segmented>
	<object>
		<name>smoke</name>
		<pose>Unspecified</pose>
		<truncated>0</truncated>
		<difficult>0</difficult>
		<bndbox>
			<xmin>47</xmin>
			<ymin>54</ymin>
			<xmax>60</xmax>
			<ymax>81</ymax>
		</bndbox>
	</object>
</annotation>
