<annotation>
	<folder>images</folder>
	<filename>030_03.jpg</filename>
	<path>C:\Users\靳凯旗\Desktop\data\images\030_03.jpg</path>
	<source>
		<database>Unknown</database>
	</source>
	<size>
		<width>114</width>
		<height>139</height>
		<depth>3</depth>
	</size>
	<segmented>0</segmented>
	<object>
		<name>smoke</name>
		<pose>Unspecified</pose>
		<truncated>0</truncated>
		<difficult>0</difficult>
		<bndbox>
			<xmin>15</xmin>
			<ymin>73</ymin>
			<xmax>51</xmax>
			<ymax>84</ymax>
		</bndbox>
	</object>
</annotation>
