<annotation>
	<folder>抽烟1</folder>
	<filename>QJ6698940055.jpg</filename>
	<path>D:\linhaihua3\Desktop\抽烟11\抽烟1\QJ6698940055.jpg</path>
	<source>
		<database>Unknown</database>
	</source>
	<size>
		<width>600</width>
		<height>491</height>
		<depth>3</depth>
	</size>
	<segmented>0</segmented>
	<object>
		<name>smoke</name>
		<pose>Unspecified</pose>
		<truncated>0</truncated>
		<difficult>0</difficult>
		<bndbox>
			<xmin>214</xmin>
			<ymin>225</ymin>
			<xmax>285</xmax>
			<ymax>240</ymax>
		</bndbox>
	</object>
	<object>
		<name>smoke</name>
		<pose>Unspecified</pose>
		<truncated>0</truncated>
		<difficult>0</difficult>
		<bndbox>
			<xmin>308</xmin>
			<ymin>274</ymin>
			<xmax>381</xmax>
			<ymax>316</ymax>
		</bndbox>
	</object>
</annotation>
