<annotation>
	<folder>抽烟1</folder>
	<filename>QJ6317449006.jpg</filename>
	<path>D:\linhaihua3\Desktop\抽烟11\抽烟1\QJ6317449006.jpg</path>
	<source>
		<database>Unknown</database>
	</source>
	<size>
		<width>600</width>
		<height>465</height>
		<depth>3</depth>
	</size>
	<segmented>0</segmented>
	<object>
		<name>smoke</name>
		<pose>Unspecified</pose>
		<truncated>0</truncated>
		<difficult>0</difficult>
		<bndbox>
			<xmin>226</xmin>
			<ymin>171</ymin>
			<xmax>289</xmax>
			<ymax>190</ymax>
		</bndbox>
	</object>
	<object>
		<name>smoke</name>
		<pose>Unspecified</pose>
		<truncated>0</truncated>
		<difficult>0</difficult>
		<bndbox>
			<xmin>155</xmin>
			<ymin>270</ymin>
			<xmax>178</xmax>
			<ymax>320</ymax>
		</bndbox>
	</object>
	<object>
		<name>smoke</name>
		<pose>Unspecified</pose>
		<truncated>0</truncated>
		<difficult>0</difficult>
		<bndbox>
			<xmin>365</xmin>
			<ymin>254</ymin>
			<xmax>416</xmax>
			<ymax>323</ymax>
		</bndbox>
	</object>
</annotation>
