<annotation>
	<folder>抽烟</folder>
	<filename>072.jpg</filename>
	<path>D:\linhaihua3\Desktop\抽烟\072.jpg</path>
	<source>
		<database>Unknown</database>
	</source>
	<size>
		<width>105</width>
		<height>136</height>
		<depth>3</depth>
	</size>
	<segmented>0</segmented>
	<object>
		<name>smoke</name>
		<pose>Unspecified</pose>
		<truncated>0</truncated>
		<difficult>0</difficult>
		<bndbox>
			<xmin>22</xmin>
			<ymin>38</ymin>
			<xmax>50</xmax>
			<ymax>55</ymax>
		</bndbox>
	</object>
</annotation>
