<annotation>
	<folder>抽烟</folder>
	<filename>066.jpg</filename>
	<path>D:\linhaihua3\Desktop\抽烟\066.jpg</path>
	<source>
		<database>Unknown</database>
	</source>
	<size>
		<width>351</width>
		<height>185</height>
		<depth>3</depth>
	</size>
	<segmented>0</segmented>
	<object>
		<name>smoke</name>
		<pose>Unspecified</pose>
		<truncated>0</truncated>
		<difficult>0</difficult>
		<bndbox>
			<xmin>209</xmin>
			<ymin>133</ymin>
			<xmax>223</xmax>
			<ymax>161</ymax>
		</bndbox>
	</object>
</annotation>
