<annotation>
	<folder>抽烟1</folder>
	<filename>QJ8675272132.jpg</filename>
	<path>D:\linhaihua3\Desktop\抽烟11\抽烟1\QJ8675272132.jpg</path>
	<source>
		<database>Unknown</database>
	</source>
	<size>
		<width>1024</width>
		<height>678</height>
		<depth>3</depth>
	</size>
	<segmented>0</segmented>
	<object>
		<name>smoke</name>
		<pose>Unspecified</pose>
		<truncated>0</truncated>
		<difficult>0</difficult>
		<bndbox>
			<xmin>638</xmin>
			<ymin>354</ymin>
			<xmax>850</xmax>
			<ymax>462</ymax>
		</bndbox>
	</object>
</annotation>
