<annotation>
	<folder>抽烟1</folder>
	<filename>QJ6834282336.jpg</filename>
	<path>D:\linhaihua3\Desktop\抽烟11\抽烟1\QJ6834282336.jpg</path>
	<source>
		<database>Unknown</database>
	</source>
	<size>
		<width>600</width>
		<height>426</height>
		<depth>3</depth>
	</size>
	<segmented>0</segmented>
	<object>
		<name>smoke</name>
		<pose>Unspecified</pose>
		<truncated>0</truncated>
		<difficult>0</difficult>
		<bndbox>
			<xmin>287</xmin>
			<ymin>150</ymin>
			<xmax>380</xmax>
			<ymax>165</ymax>
		</bndbox>
	</object>
</annotation>
