<annotation>
	<folder>images</folder>
	<filename>038_03.jpg</filename>
	<path>C:\Users\靳凯旗\Desktop\data\images\038_03.jpg</path>
	<source>
		<database>Unknown</database>
	</source>
	<size>
		<width>179</width>
		<height>176</height>
		<depth>3</depth>
	</size>
	<segmented>0</segmented>
	<object>
		<name>smoke</name>
		<pose>Unspecified</pose>
		<truncated>0</truncated>
		<difficult>0</difficult>
		<bndbox>
			<xmin>86</xmin>
			<ymin>99</ymin>
			<xmax>149</xmax>
			<ymax>153</ymax>
		</bndbox>
	</object>
</annotation>
