<annotation>
	<folder>images</folder>
	<filename>018_02.jpg</filename>
	<path>C:\Users\靳凯旗\Desktop\data\images\018_02.jpg</path>
	<source>
		<database>Unknown</database>
	</source>
	<size>
		<width>537</width>
		<height>506</height>
		<depth>3</depth>
	</size>
	<segmented>0</segmented>
	<object>
		<name>smoke</name>
		<pose>Unspecified</pose>
		<truncated>0</truncated>
		<difficult>0</difficult>
		<bndbox>
			<xmin>251</xmin>
			<ymin>342</ymin>
			<xmax>456</xmax>
			<ymax>402</ymax>
		</bndbox>
	</object>
</annotation>
