<annotation>
	<folder>抽烟1</folder>
	<filename>QJ8529775038.jpg</filename>
	<path>D:\linhaihua3\Desktop\抽烟11\抽烟1\QJ8529775038.jpg</path>
	<source>
		<database>Unknown</database>
	</source>
	<size>
		<width>1024</width>
		<height>680</height>
		<depth>3</depth>
	</size>
	<segmented>0</segmented>
	<object>
		<name>smoke</name>
		<pose>Unspecified</pose>
		<truncated>0</truncated>
		<difficult>0</difficult>
		<bndbox>
			<xmin>96</xmin>
			<ymin>273</ymin>
			<xmax>575</xmax>
			<ymax>528</ymax>
		</bndbox>
	</object>
</annotation>
