<annotation>
	<folder>images</folder>
	<filename>047_03.jpg</filename>
	<path>C:\Users\靳凯旗\Desktop\data\images\047_03.jpg</path>
	<source>
		<database>Unknown</database>
	</source>
	<size>
		<width>139</width>
		<height>125</height>
		<depth>3</depth>
	</size>
	<segmented>0</segmented>
	<object>
		<name>smoke</name>
		<pose>Unspecified</pose>
		<truncated>0</truncated>
		<difficult>0</difficult>
		<bndbox>
			<xmin>29</xmin>
			<ymin>44</ymin>
			<xmax>90</xmax>
			<ymax>86</ymax>
		</bndbox>
	</object>
</annotation>
