<annotation>
	<folder>抽烟1</folder>
	<filename>QJ6574044176.jpg</filename>
	<path>D:\linhaihua3\Desktop\抽烟11\抽烟1\QJ6574044176.jpg</path>
	<source>
		<database>Unknown</database>
	</source>
	<size>
		<width>600</width>
		<height>413</height>
		<depth>3</depth>
	</size>
	<segmented>0</segmented>
	<object>
		<name>smoke</name>
		<pose>Unspecified</pose>
		<truncated>0</truncated>
		<difficult>0</difficult>
		<bndbox>
			<xmin>76</xmin>
			<ymin>284</ymin>
			<xmax>339</xmax>
			<ymax>344</ymax>
		</bndbox>
	</object>
</annotation>
