<annotation>
	<folder>抽烟</folder>
	<filename>770.jpg</filename>
	<path>D:\linhaihua3\Desktop\抽烟\770.jpg</path>
	<source>
		<database>Unknown</database>
	</source>
	<size>
		<width>848</width>
		<height>480</height>
		<depth>3</depth>
	</size>
	<segmented>0</segmented>
	<object>
		<name>smoke</name>
		<pose>Unspecified</pose>
		<truncated>0</truncated>
		<difficult>0</difficult>
		<bndbox>
			<xmin>189</xmin>
			<ymin>302</ymin>
			<xmax>226</xmax>
			<ymax>353</ymax>
		</bndbox>
	</object>
</annotation>
