<annotation>
	<folder>抽烟</folder>
	<filename>081.jpg</filename>
	<path>D:\linhaihua3\Desktop\抽烟\081.jpg</path>
	<source>
		<database>Unknown</database>
	</source>
	<size>
		<width>387</width>
		<height>289</height>
		<depth>3</depth>
	</size>
	<segmented>0</segmented>
	<object>
		<name>smoke</name>
		<pose>Unspecified</pose>
		<truncated>0</truncated>
		<difficult>0</difficult>
		<bndbox>
			<xmin>105</xmin>
			<ymin>102</ymin>
			<xmax>143</xmax>
			<ymax>120</ymax>
		</bndbox>
	</object>
	<object>
		<name>smoke</name>
		<pose>Unspecified</pose>
		<truncated>0</truncated>
		<difficult>0</difficult>
		<bndbox>
			<xmin>246</xmin>
			<ymin>109</ymin>
			<xmax>268</xmax>
			<ymax>135</ymax>
		</bndbox>
	</object>
</annotation>
