<annotation>
	<folder>抽烟</folder>
	<filename>059.jpg</filename>
	<path>D:\linhaihua3\Desktop\抽烟\059.jpg</path>
	<source>
		<database>Unknown</database>
	</source>
	<size>
		<width>415</width>
		<height>235</height>
		<depth>3</depth>
	</size>
	<segmented>0</segmented>
	<object>
		<name>smoke</name>
		<pose>Unspecified</pose>
		<truncated>0</truncated>
		<difficult>0</difficult>
		<bndbox>
			<xmin>165</xmin>
			<ymin>150</ymin>
			<xmax>241</xmax>
			<ymax>179</ymax>
		</bndbox>
	</object>
</annotation>
