<annotation>
	<folder>images</folder>
	<filename>025_03.jpg</filename>
	<path>C:\Users\靳凯旗\Desktop\data\images\025_03.jpg</path>
	<source>
		<database>Unknown</database>
	</source>
	<size>
		<width>151</width>
		<height>138</height>
		<depth>3</depth>
	</size>
	<segmented>0</segmented>
	<object>
		<name>smoke</name>
		<pose>Unspecified</pose>
		<truncated>0</truncated>
		<difficult>0</difficult>
		<bndbox>
			<xmin>6</xmin>
			<ymin>52</ymin>
			<xmax>69</xmax>
			<ymax>69</ymax>
		</bndbox>
	</object>
</annotation>
