<annotation>
	<folder>抽烟</folder>
	<filename>077.jpg</filename>
	<path>D:\linhaihua3\Desktop\抽烟\077.jpg</path>
	<source>
		<database>Unknown</database>
	</source>
	<size>
		<width>500</width>
		<height>318</height>
		<depth>3</depth>
	</size>
	<segmented>0</segmented>
	<object>
		<name>smoke</name>
		<pose>Unspecified</pose>
		<truncated>0</truncated>
		<difficult>0</difficult>
		<bndbox>
			<xmin>247</xmin>
			<ymin>144</ymin>
			<xmax>313</xmax>
			<ymax>204</ymax>
		</bndbox>
	</object>
</annotation>
