<annotation>
	<folder>抽烟1</folder>
	<filename>QJ8716348261.jpg</filename>
	<path>D:\linhaihua3\Desktop\抽烟11\抽烟1\QJ8716348261.jpg</path>
	<source>
		<database>Unknown</database>
	</source>
	<size>
		<width>1023</width>
		<height>682</height>
		<depth>3</depth>
	</size>
	<segmented>0</segmented>
	<object>
		<name>smoke</name>
		<pose>Unspecified</pose>
		<truncated>0</truncated>
		<difficult>0</difficult>
		<bndbox>
			<xmin>220</xmin>
			<ymin>133</ymin>
			<xmax>690</xmax>
			<ymax>490</ymax>
		</bndbox>
	</object>
</annotation>
