<annotation>
	<folder>images</folder>
	<filename>039_03.jpg</filename>
	<path>C:\Users\靳凯旗\Desktop\data\images\039_03.jpg</path>
	<source>
		<database>Unknown</database>
	</source>
	<size>
		<width>161</width>
		<height>174</height>
		<depth>3</depth>
	</size>
	<segmented>0</segmented>
	<object>
		<name>smoke</name>
		<pose>Unspecified</pose>
		<truncated>0</truncated>
		<difficult>0</difficult>
		<bndbox>
			<xmin>80</xmin>
			<ymin>73</ymin>
			<xmax>148</xmax>
			<ymax>139</ymax>
		</bndbox>
	</object>
</annotation>
