<annotation>
	<folder>images</folder>
	<filename>102_03.jpg</filename>
	<path>C:\Users\靳凯旗\Desktop\data\images\102_03.jpg</path>
	<source>
		<database>Unknown</database>
	</source>
	<size>
		<width>234</width>
		<height>267</height>
		<depth>3</depth>
	</size>
	<segmented>0</segmented>
	<object>
		<name>smoke</name>
		<pose>Unspecified</pose>
		<truncated>0</truncated>
		<difficult>0</difficult>
		<bndbox>
			<xmin>49</xmin>
			<ymin>161</ymin>
			<xmax>112</xmax>
			<ymax>251</ymax>
		</bndbox>
	</object>
</annotation>
