<annotation>
	<folder>images</folder>
	<filename>330_03.jpg</filename>
	<path>C:\Users\靳凯旗\Desktop\data\images\images\330_03.jpg</path>
	<source>
		<database>Unknown</database>
	</source>
	<size>
		<width>249</width>
		<height>199</height>
		<depth>3</depth>
	</size>
	<segmented>0</segmented>
	<object>
		<name>smoke</name>
		<pose>Unspecified</pose>
		<truncated>0</truncated>
		<difficult>0</difficult>
		<bndbox>
			<xmin>19</xmin>
			<ymin>27</ymin>
			<xmax>217</xmax>
			<ymax>180</ymax>
		</bndbox>
	</object>
</annotation>
