<annotation>
	<folder>images</folder>
	<filename>253_03.jpg</filename>
	<path>C:\Users\靳凯旗\Desktop\data\images\images\253_03.jpg</path>
	<source>
		<database>Unknown</database>
	</source>
	<size>
		<width>269</width>
		<height>134</height>
		<depth>3</depth>
	</size>
	<segmented>0</segmented>
	<object>
		<name>smoke</name>
		<pose>Unspecified</pose>
		<truncated>0</truncated>
		<difficult>0</difficult>
		<bndbox>
			<xmin>19</xmin>
			<ymin>24</ymin>
			<xmax>257</xmax>
			<ymax>121</ymax>
		</bndbox>
	</object>
</annotation>
