<annotation>
	<folder>images</folder>
	<filename>129_03.jpg</filename>
	<path>C:\Users\靳凯旗\Desktop\data\images\129_03.jpg</path>
	<source>
		<database>Unknown</database>
	</source>
	<size>
		<width>229</width>
		<height>227</height>
		<depth>3</depth>
	</size>
	<segmented>0</segmented>
	<object>
		<name>smoke</name>
		<pose>Unspecified</pose>
		<truncated>0</truncated>
		<difficult>0</difficult>
		<bndbox>
			<xmin>104</xmin>
			<ymin>172</ymin>
			<xmax>132</xmax>
			<ymax>219</ymax>
		</bndbox>
	</object>
</annotation>
