<annotation>
	<folder>images</folder>
	<filename>216_03.jpg</filename>
	<path>C:\Users\靳凯旗\Desktop\data\images\images\216_03.jpg</path>
	<source>
		<database>Unknown</database>
	</source>
	<size>
		<width>207</width>
		<height>131</height>
		<depth>3</depth>
	</size>
	<segmented>0</segmented>
	<object>
		<name>smoke</name>
		<pose>Unspecified</pose>
		<truncated>0</truncated>
		<difficult>0</difficult>
		<bndbox>
			<xmin>30</xmin>
			<ymin>71</ymin>
			<xmax>133</xmax>
			<ymax>96</ymax>
		</bndbox>
	</object>
</annotation>
