<annotation>
	<folder>images</folder>
	<filename>284_03.jpg</filename>
	<path>C:\Users\靳凯旗\Desktop\data\images\images\284_03.jpg</path>
	<source>
		<database>Unknown</database>
	</source>
	<size>
		<width>89</width>
		<height>71</height>
		<depth>3</depth>
	</size>
	<segmented>0</segmented>
	<object>
		<name>smoke</name>
		<pose>Unspecified</pose>
		<truncated>0</truncated>
		<difficult>0</difficult>
		<bndbox>
			<xmin>21</xmin>
			<ymin>31</ymin>
			<xmax>74</xmax>
			<ymax>38</ymax>
		</bndbox>
	</object>
</annotation>
