<annotation>
	<folder>抽烟</folder>
	<filename>058.jpg</filename>
	<path>D:\linhaihua3\Desktop\抽烟\058.jpg</path>
	<source>
		<database>Unknown</database>
	</source>
	<size>
		<width>300</width>
		<height>206</height>
		<depth>3</depth>
	</size>
	<segmented>0</segmented>
	<object>
		<name>smoke</name>
		<pose>Unspecified</pose>
		<truncated>0</truncated>
		<difficult>0</difficult>
		<bndbox>
			<xmin>214</xmin>
			<ymin>80</ymin>
			<xmax>226</xmax>
			<ymax>98</ymax>
		</bndbox>
	</object>
	<object>
		<name>smoke</name>
		<pose>Unspecified</pose>
		<truncated>0</truncated>
		<difficult>0</difficult>
		<bndbox>
			<xmin>110</xmin>
			<ymin>75</ymin>
			<xmax>138</xmax>
			<ymax>88</ymax>
		</bndbox>
	</object>
</annotation>
