<annotation>
	<folder>images</folder>
	<filename>266_03.jpg</filename>
	<path>C:\Users\靳凯旗\Desktop\data\images\images\266_03.jpg</path>
	<source>
		<database>Unknown</database>
	</source>
	<size>
		<width>106</width>
		<height>147</height>
		<depth>3</depth>
	</size>
	<segmented>0</segmented>
	<object>
		<name>smoke</name>
		<pose>Unspecified</pose>
		<truncated>1</truncated>
		<difficult>0</difficult>
		<bndbox>
			<xmin>21</xmin>
			<ymin>1</ymin>
			<xmax>70</xmax>
			<ymax>144</ymax>
		</bndbox>
	</object>
</annotation>
