<annotation>
	<folder>images</folder>
	<filename>150_03.jpg</filename>
	<path>C:\Users\靳凯旗\Desktop\data\images\150_03.jpg</path>
	<source>
		<database>Unknown</database>
	</source>
	<size>
		<width>237</width>
		<height>291</height>
		<depth>3</depth>
	</size>
	<segmented>0</segmented>
	<object>
		<name>smoke</name>
		<pose>Unspecified</pose>
		<truncated>0</truncated>
		<difficult>0</difficult>
		<bndbox>
			<xmin>10</xmin>
			<ymin>188</ymin>
			<xmax>117</xmax>
			<ymax>250</ymax>
		</bndbox>
	</object>
</annotation>
