<annotation>
	<folder>images</folder>
	<filename>327_03.jpg</filename>
	<path>C:\Users\靳凯旗\Desktop\data\images\images\327_03.jpg</path>
	<source>
		<database>Unknown</database>
	</source>
	<size>
		<width>112</width>
		<height>63</height>
		<depth>3</depth>
	</size>
	<segmented>0</segmented>
	<object>
		<name>smoke</name>
		<pose>Unspecified</pose>
		<truncated>0</truncated>
		<difficult>0</difficult>
		<bndbox>
			<xmin>21</xmin>
			<ymin>32</ymin>
			<xmax>92</xmax>
			<ymax>50</ymax>
		</bndbox>
	</object>
</annotation>
