<annotation>
	<folder>images</folder>
	<filename>106_03.jpg</filename>
	<path>C:\Users\靳凯旗\Desktop\data\images\106_03.jpg</path>
	<source>
		<database>Unknown</database>
	</source>
	<size>
		<width>108</width>
		<height>97</height>
		<depth>3</depth>
	</size>
	<segmented>0</segmented>
	<object>
		<name>smoke</name>
		<pose>Unspecified</pose>
		<truncated>0</truncated>
		<difficult>0</difficult>
		<bndbox>
			<xmin>55</xmin>
			<ymin>69</ymin>
			<xmax>78</xmax>
			<ymax>89</ymax>
		</bndbox>
	</object>
</annotation>
