<annotation>
	<folder>抽烟</folder>
	<filename>078.jpg</filename>
	<path>D:\linhaihua3\Desktop\抽烟\078.jpg</path>
	<source>
		<database>Unknown</database>
	</source>
	<size>
		<width>500</width>
		<height>679</height>
		<depth>3</depth>
	</size>
	<segmented>0</segmented>
	<object>
		<name>smoke</name>
		<pose>Unspecified</pose>
		<truncated>0</truncated>
		<difficult>0</difficult>
		<bndbox>
			<xmin>197</xmin>
			<ymin>282</ymin>
			<xmax>267</xmax>
			<ymax>360</ymax>
		</bndbox>
	</object>
</annotation>
