<annotation>
	<folder>images</folder>
	<filename>071_03.jpg</filename>
	<path>C:\Users\靳凯旗\Desktop\data\images\071_03.jpg</path>
	<source>
		<database>Unknown</database>
	</source>
	<size>
		<width>280</width>
		<height>246</height>
		<depth>3</depth>
	</size>
	<segmented>0</segmented>
	<object>
		<name>smoke</name>
		<pose>Unspecified</pose>
		<truncated>0</truncated>
		<difficult>0</difficult>
		<bndbox>
			<xmin>121</xmin>
			<ymin>75</ymin>
			<xmax>272</xmax>
			<ymax>131</ymax>
		</bndbox>
	</object>
</annotation>
