<annotation>
	<folder>images</folder>
	<filename>228_03.jpg</filename>
	<path>C:\Users\靳凯旗\Desktop\data\images\images\228_03.jpg</path>
	<source>
		<database>Unknown</database>
	</source>
	<size>
		<width>145</width>
		<height>80</height>
		<depth>3</depth>
	</size>
	<segmented>0</segmented>
	<object>
		<name>smoke</name>
		<pose>Unspecified</pose>
		<truncated>0</truncated>
		<difficult>0</difficult>
		<bndbox>
			<xmin>29</xmin>
			<ymin>31</ymin>
			<xmax>122</xmax>
			<ymax>49</ymax>
		</bndbox>
	</object>
</annotation>
