<annotation>
	<folder>images</folder>
	<filename>053_03.jpg</filename>
	<path>C:\Users\靳凯旗\Desktop\data\images\053_03.jpg</path>
	<source>
		<database>Unknown</database>
	</source>
	<size>
		<width>114</width>
		<height>118</height>
		<depth>3</depth>
	</size>
	<segmented>0</segmented>
	<object>
		<name>smoke</name>
		<pose>Unspecified</pose>
		<truncated>0</truncated>
		<difficult>0</difficult>
		<bndbox>
			<xmin>47</xmin>
			<ymin>30</ymin>
			<xmax>93</xmax>
			<ymax>96</ymax>
		</bndbox>
	</object>
</annotation>
