<annotation>
	<folder>images</folder>
	<filename>063_03.jpg</filename>
	<path>C:\Users\靳凯旗\Desktop\data\images\063_03.jpg</path>
	<source>
		<database>Unknown</database>
	</source>
	<size>
		<width>174</width>
		<height>84</height>
		<depth>3</depth>
	</size>
	<segmented>0</segmented>
	<object>
		<name>smoke</name>
		<pose>Unspecified</pose>
		<truncated>1</truncated>
		<difficult>0</difficult>
		<bndbox>
			<xmin>25</xmin>
			<ymin>1</ymin>
			<xmax>160</xmax>
			<ymax>53</ymax>
		</bndbox>
	</object>
</annotation>
