<annotation>
	<folder>images</folder>
	<filename>326_03.jpg</filename>
	<path>C:\Users\靳凯旗\Desktop\data\images\images\326_03.jpg</path>
	<source>
		<database>Unknown</database>
	</source>
	<size>
		<width>74</width>
		<height>95</height>
		<depth>3</depth>
	</size>
	<segmented>0</segmented>
	<object>
		<name>smoke</name>
		<pose>Unspecified</pose>
		<truncated>0</truncated>
		<difficult>0</difficult>
		<bndbox>
			<xmin>16</xmin>
			<ymin>36</ymin>
			<xmax>61</xmax>
			<ymax>76</ymax>
		</bndbox>
	</object>
</annotation>
