<annotation>
	<folder>images</folder>
	<filename>099_03.jpg</filename>
	<path>C:\Users\靳凯旗\Desktop\data\images\099_03.jpg</path>
	<source>
		<database>Unknown</database>
	</source>
	<size>
		<width>290</width>
		<height>294</height>
		<depth>3</depth>
	</size>
	<segmented>0</segmented>
	<object>
		<name>smoke</name>
		<pose>Unspecified</pose>
		<truncated>0</truncated>
		<difficult>0</difficult>
		<bndbox>
			<xmin>4</xmin>
			<ymin>199</ymin>
			<xmax>110</xmax>
			<ymax>238</ymax>
		</bndbox>
	</object>
</annotation>
