<annotation>
	<folder>抽烟</folder>
	<filename>129.jpg</filename>
	<path>D:\linhaihua3\Desktop\抽烟\129.jpg</path>
	<source>
		<database>Unknown</database>
	</source>
	<size>
		<width>458</width>
		<height>640</height>
		<depth>3</depth>
	</size>
	<segmented>0</segmented>
	<object>
		<name>smoke</name>
		<pose>Unspecified</pose>
		<truncated>0</truncated>
		<difficult>0</difficult>
		<bndbox>
			<xmin>265</xmin>
			<ymin>31</ymin>
			<xmax>314</xmax>
			<ymax>154</ymax>
		</bndbox>
	</object>
</annotation>
