<annotation>
	<folder>images</folder>
	<filename>061_03.jpg</filename>
	<path>C:\Users\靳凯旗\Desktop\data\images\061_03.jpg</path>
	<source>
		<database>Unknown</database>
	</source>
	<size>
		<width>102</width>
		<height>101</height>
		<depth>3</depth>
	</size>
	<segmented>0</segmented>
	<object>
		<name>smoke</name>
		<pose>Unspecified</pose>
		<truncated>0</truncated>
		<difficult>0</difficult>
		<bndbox>
			<xmin>10</xmin>
			<ymin>27</ymin>
			<xmax>31</xmax>
			<ymax>55</ymax>
		</bndbox>
	</object>
</annotation>
