<annotation>
	<folder>images</folder>
	<filename>115_03.jpg</filename>
	<path>C:\Users\靳凯旗\Desktop\data\images\115_03.jpg</path>
	<source>
		<database>Unknown</database>
	</source>
	<size>
		<width>204</width>
		<height>308</height>
		<depth>3</depth>
	</size>
	<segmented>0</segmented>
	<object>
		<name>smoke</name>
		<pose>Unspecified</pose>
		<truncated>0</truncated>
		<difficult>0</difficult>
		<bndbox>
			<xmin>66</xmin>
			<ymin>206</ymin>
			<xmax>113</xmax>
			<ymax>303</ymax>
		</bndbox>
	</object>
</annotation>
