<annotation>
	<folder>images</folder>
	<filename>292_03.jpg</filename>
	<path>C:\Users\靳凯旗\Desktop\data\images\images\292_03.jpg</path>
	<source>
		<database>Unknown</database>
	</source>
	<size>
		<width>95</width>
		<height>84</height>
		<depth>3</depth>
	</size>
	<segmented>0</segmented>
	<object>
		<name>smoke</name>
		<pose>Unspecified</pose>
		<truncated>0</truncated>
		<difficult>0</difficult>
		<bndbox>
			<xmin>26</xmin>
			<ymin>42</ymin>
			<xmax>61</xmax>
			<ymax>69</ymax>
		</bndbox>
	</object>
</annotation>
