<annotation>
	<folder>images</folder>
	<filename>274_03.jpg</filename>
	<path>C:\Users\靳凯旗\Desktop\data\images\images\274_03.jpg</path>
	<source>
		<database>Unknown</database>
	</source>
	<size>
		<width>142</width>
		<height>41</height>
		<depth>3</depth>
	</size>
	<segmented>0</segmented>
	<object>
		<name>smoke</name>
		<pose>Unspecified</pose>
		<truncated>0</truncated>
		<difficult>0</difficult>
		<bndbox>
			<xmin>22</xmin>
			<ymin>12</ymin>
			<xmax>104</xmax>
			<ymax>30</ymax>
		</bndbox>
	</object>
</annotation>
