<annotation>
	<folder>images</folder>
	<filename>245_03.jpg</filename>
	<path>C:\Users\靳凯旗\Desktop\data\images\images\245_03.jpg</path>
	<source>
		<database>Unknown</database>
	</source>
	<size>
		<width>141</width>
		<height>46</height>
		<depth>3</depth>
	</size>
	<segmented>0</segmented>
	<object>
		<name>smoke</name>
		<pose>Unspecified</pose>
		<truncated>0</truncated>
		<difficult>0</difficult>
		<bndbox>
			<xmin>56</xmin>
			<ymin>4</ymin>
			<xmax>125</xmax>
			<ymax>28</ymax>
		</bndbox>
	</object>
</annotation>
