<annotation>
	<folder>images</folder>
	<filename>289_03.jpg</filename>
	<path>C:\Users\靳凯旗\Desktop\data\images\images\289_03.jpg</path>
	<source>
		<database>Unknown</database>
	</source>
	<size>
		<width>135</width>
		<height>112</height>
		<depth>3</depth>
	</size>
	<segmented>0</segmented>
	<object>
		<name>smoke</name>
		<pose>Unspecified</pose>
		<truncated>0</truncated>
		<difficult>0</difficult>
		<bndbox>
			<xmin>55</xmin>
			<ymin>36</ymin>
			<xmax>96</xmax>
			<ymax>99</ymax>
		</bndbox>
	</object>
</annotation>
