<annotation>
	<folder>抽烟1</folder>
	<filename>QJ7110581031 (1).jpg</filename>
	<path>D:\linhaihua3\Desktop\抽烟11\抽烟1\QJ7110581031 (1).jpg</path>
	<source>
		<database>Unknown</database>
	</source>
	<size>
		<width>800</width>
		<height>533</height>
		<depth>3</depth>
	</size>
	<segmented>0</segmented>
	<object>
		<name>smoke</name>
		<pose>Unspecified</pose>
		<truncated>0</truncated>
		<difficult>0</difficult>
		<bndbox>
			<xmin>289</xmin>
			<ymin>277</ymin>
			<xmax>425</xmax>
			<ymax>303</ymax>
		</bndbox>
	</object>
</annotation>
