<annotation>
	<folder>images</folder>
	<filename>040_03.jpg</filename>
	<path>C:\Users\靳凯旗\Desktop\data\images\040_03.jpg</path>
	<source>
		<database>Unknown</database>
	</source>
	<size>
		<width>168</width>
		<height>144</height>
		<depth>3</depth>
	</size>
	<segmented>0</segmented>
	<object>
		<name>smoke</name>
		<pose>Unspecified</pose>
		<truncated>0</truncated>
		<difficult>0</difficult>
		<bndbox>
			<xmin>102</xmin>
			<ymin>82</ymin>
			<xmax>140</xmax>
			<ymax>120</ymax>
		</bndbox>
	</object>
</annotation>
