<annotation>
	<folder>images</folder>
	<filename>058_03.jpg</filename>
	<path>C:\Users\靳凯旗\Desktop\data\images\058_03.jpg</path>
	<source>
		<database>Unknown</database>
	</source>
	<size>
		<width>113</width>
		<height>126</height>
		<depth>3</depth>
	</size>
	<segmented>0</segmented>
	<object>
		<name>smoke</name>
		<pose>Unspecified</pose>
		<truncated>0</truncated>
		<difficult>0</difficult>
		<bndbox>
			<xmin>5</xmin>
			<ymin>7</ymin>
			<xmax>102</xmax>
			<ymax>44</ymax>
		</bndbox>
	</object>
</annotation>
