<annotation>
	<folder>抽烟</folder>
	<filename>054.jpg</filename>
	<path>D:\linhaihua3\Desktop\抽烟\054.jpg</path>
	<source>
		<database>Unknown</database>
	</source>
	<size>
		<width>800</width>
		<height>533</height>
		<depth>3</depth>
	</size>
	<segmented>0</segmented>
	<object>
		<name>smoke</name>
		<pose>Unspecified</pose>
		<truncated>0</truncated>
		<difficult>0</difficult>
		<bndbox>
			<xmin>458</xmin>
			<ymin>71</ymin>
			<xmax>486</xmax>
			<ymax>116</ymax>
		</bndbox>
	</object>
</annotation>
