<annotation>
	<folder>images</folder>
	<filename>290_03.jpg</filename>
	<path>C:\Users\靳凯旗\Desktop\data\images\images\290_03.jpg</path>
	<source>
		<database>Unknown</database>
	</source>
	<size>
		<width>100</width>
		<height>96</height>
		<depth>3</depth>
	</size>
	<segmented>0</segmented>
	<object>
		<name>smoke</name>
		<pose>Unspecified</pose>
		<truncated>0</truncated>
		<difficult>0</difficult>
		<bndbox>
			<xmin>41</xmin>
			<ymin>55</ymin>
			<xmax>76</xmax>
			<ymax>69</ymax>
		</bndbox>
	</object>
</annotation>
