<annotation>
	<folder>images</folder>
	<filename>117_03.jpg</filename>
	<path>C:\Users\靳凯旗\Desktop\data\images\117_03.jpg</path>
	<source>
		<database>Unknown</database>
	</source>
	<size>
		<width>244</width>
		<height>294</height>
		<depth>3</depth>
	</size>
	<segmented>0</segmented>
	<object>
		<name>smoke</name>
		<pose>Unspecified</pose>
		<truncated>0</truncated>
		<difficult>0</difficult>
		<bndbox>
			<xmin>59</xmin>
			<ymin>197</ymin>
			<xmax>111</xmax>
			<ymax>287</ymax>
		</bndbox>
	</object>
</annotation>
