<annotation>
	<folder>images</folder>
	<filename>237_03.jpg</filename>
	<path>C:\Users\靳凯旗\Desktop\data\images\images\237_03.jpg</path>
	<source>
		<database>Unknown</database>
	</source>
	<size>
		<width>223</width>
		<height>244</height>
		<depth>3</depth>
	</size>
	<segmented>0</segmented>
	<object>
		<name>smoke</name>
		<pose>Unspecified</pose>
		<truncated>0</truncated>
		<difficult>0</difficult>
		<bndbox>
			<xmin>3</xmin>
			<ymin>52</ymin>
			<xmax>212</xmax>
			<ymax>228</ymax>
		</bndbox>
	</object>
</annotation>
