<annotation>
	<folder>images</folder>
	<filename>250_03.jpg</filename>
	<path>C:\Users\靳凯旗\Desktop\data\images\images\250_03.jpg</path>
	<source>
		<database>Unknown</database>
	</source>
	<size>
		<width>134</width>
		<height>110</height>
		<depth>3</depth>
	</size>
	<segmented>0</segmented>
	<object>
		<name>smoke</name>
		<pose>Unspecified</pose>
		<truncated>0</truncated>
		<difficult>0</difficult>
		<bndbox>
			<xmin>9</xmin>
			<ymin>11</ymin>
			<xmax>54</xmax>
			<ymax>77</ymax>
		</bndbox>
	</object>
</annotation>
