<annotation>
	<folder>images</folder>
	<filename>315_03.jpg</filename>
	<path>C:\Users\靳凯旗\Desktop\data\images\images\315_03.jpg</path>
	<source>
		<database>Unknown</database>
	</source>
	<size>
		<width>126</width>
		<height>114</height>
		<depth>3</depth>
	</size>
	<segmented>0</segmented>
	<object>
		<name>smoke</name>
		<pose>Unspecified</pose>
		<truncated>0</truncated>
		<difficult>0</difficult>
		<bndbox>
			<xmin>43</xmin>
			<ymin>20</ymin>
			<xmax>91</xmax>
			<ymax>88</ymax>
		</bndbox>
	</object>
</annotation>
