<annotation>
	<folder>images</folder>
	<filename>270_03.jpg</filename>
	<path>C:\Users\靳凯旗\Desktop\data\images\images\270_03.jpg</path>
	<source>
		<database>Unknown</database>
	</source>
	<size>
		<width>74</width>
		<height>86</height>
		<depth>3</depth>
	</size>
	<segmented>0</segmented>
	<object>
		<name>smoke</name>
		<pose>Unspecified</pose>
		<truncated>0</truncated>
		<difficult>0</difficult>
		<bndbox>
			<xmin>18</xmin>
			<ymin>29</ymin>
			<xmax>59</xmax>
			<ymax>80</ymax>
		</bndbox>
	</object>
</annotation>
