<annotation>
	<folder>抽烟</folder>
	<filename>228.jpg</filename>
	<path>D:\linhaihua3\Desktop\抽烟\228.jpg</path>
	<source>
		<database>Unknown</database>
	</source>
	<size>
		<width>480</width>
		<height>272</height>
		<depth>3</depth>
	</size>
	<segmented>0</segmented>
	<object>
		<name>smoke</name>
		<pose>Unspecified</pose>
		<truncated>0</truncated>
		<difficult>0</difficult>
		<bndbox>
			<xmin>412</xmin>
			<ymin>215</ymin>
			<xmax>438</xmax>
			<ymax>239</ymax>
		</bndbox>
	</object>
</annotation>
