<annotation>
	<folder>images</folder>
	<filename>120_03.jpg</filename>
	<path>C:\Users\靳凯旗\Desktop\data\images\120_03.jpg</path>
	<source>
		<database>Unknown</database>
	</source>
	<size>
		<width>261</width>
		<height>316</height>
		<depth>3</depth>
	</size>
	<segmented>0</segmented>
	<object>
		<name>smoke</name>
		<pose>Unspecified</pose>
		<truncated>0</truncated>
		<difficult>0</difficult>
		<bndbox>
			<xmin>87</xmin>
			<ymin>224</ymin>
			<xmax>115</xmax>
			<ymax>301</ymax>
		</bndbox>
	</object>
</annotation>
