<annotation>
	<folder>images</folder>
	<filename>335_03.jpg</filename>
	<path>C:\Users\靳凯旗\Desktop\data\images\images\335_03.jpg</path>
	<source>
		<database>Unknown</database>
	</source>
	<size>
		<width>123</width>
		<height>102</height>
		<depth>3</depth>
	</size>
	<segmented>0</segmented>
	<object>
		<name>smoke</name>
		<pose>Unspecified</pose>
		<truncated>0</truncated>
		<difficult>0</difficult>
		<bndbox>
			<xmin>24</xmin>
			<ymin>38</ymin>
			<xmax>83</xmax>
			<ymax>68</ymax>
		</bndbox>
	</object>
</annotation>
