<annotation>
	<folder>images</folder>
	<filename>006_03.jpg</filename>
	<path>C:\Users\靳凯旗\Desktop\data\images\006_03.jpg</path>
	<source>
		<database>Unknown</database>
	</source>
	<size>
		<width>274</width>
		<height>288</height>
		<depth>3</depth>
	</size>
	<segmented>0</segmented>
	<object>
		<name>smoke</name>
		<pose>Unspecified</pose>
		<truncated>1</truncated>
		<difficult>0</difficult>
		<bndbox>
			<xmin>1</xmin>
			<ymin>68</ymin>
			<xmax>78</xmax>
			<ymax>128</ymax>
		</bndbox>
	</object>
</annotation>
