<annotation>
	<folder>images</folder>
	<filename>186_03.jpg</filename>
	<path>C:\Users\靳凯旗\Desktop\data\images\images\186_03.jpg</path>
	<source>
		<database>Unknown</database>
	</source>
	<size>
		<width>126</width>
		<height>89</height>
		<depth>3</depth>
	</size>
	<segmented>0</segmented>
	<object>
		<name>smoke</name>
		<pose>Unspecified</pose>
		<truncated>0</truncated>
		<difficult>0</difficult>
		<bndbox>
			<xmin>32</xmin>
			<ymin>10</ymin>
			<xmax>64</xmax>
			<ymax>40</ymax>
		</bndbox>
	</object>
</annotation>
