<annotation>
	<folder>抽烟1</folder>
	<filename>QJ6978424443.jpg</filename>
	<path>D:\linhaihua3\Desktop\抽烟11\抽烟1\QJ6978424443.jpg</path>
	<source>
		<database>Unknown</database>
	</source>
	<size>
		<width>600</width>
		<height>400</height>
		<depth>3</depth>
	</size>
	<segmented>0</segmented>
	<object>
		<name>smoke</name>
		<pose>Unspecified</pose>
		<truncated>0</truncated>
		<difficult>0</difficult>
		<bndbox>
			<xmin>227</xmin>
			<ymin>144</ymin>
			<xmax>284</xmax>
			<ymax>348</ymax>
		</bndbox>
	</object>
</annotation>
