<annotation>
	<folder>images</folder>
	<filename>170_03.jpg</filename>
	<path>C:\Users\靳凯旗\Desktop\data\images\images\170_03.jpg</path>
	<source>
		<database>Unknown</database>
	</source>
	<size>
		<width>355</width>
		<height>350</height>
		<depth>3</depth>
	</size>
	<segmented>0</segmented>
	<object>
		<name>smoke</name>
		<pose>Unspecified</pose>
		<truncated>0</truncated>
		<difficult>0</difficult>
		<bndbox>
			<xmin>29</xmin>
			<ymin>254</ymin>
			<xmax>145</xmax>
			<ymax>296</ymax>
		</bndbox>
	</object>
</annotation>
