<annotation>
	<folder>images</folder>
	<filename>229_03.jpg</filename>
	<path>C:\Users\靳凯旗\Desktop\data\images\images\229_03.jpg</path>
	<source>
		<database>Unknown</database>
	</source>
	<size>
		<width>144</width>
		<height>136</height>
		<depth>3</depth>
	</size>
	<segmented>0</segmented>
	<object>
		<name>smoke</name>
		<pose>Unspecified</pose>
		<truncated>0</truncated>
		<difficult>0</difficult>
		<bndbox>
			<xmin>25</xmin>
			<ymin>59</ymin>
			<xmax>81</xmax>
			<ymax>80</ymax>
		</bndbox>
	</object>
</annotation>
