<annotation>
	<folder>images</folder>
	<filename>309_03.jpg</filename>
	<path>C:\Users\靳凯旗\Desktop\data\images\images\309_03.jpg</path>
	<source>
		<database>Unknown</database>
	</source>
	<size>
		<width>58</width>
		<height>338</height>
		<depth>3</depth>
	</size>
	<segmented>0</segmented>
	<object>
		<name>smoke</name>
		<pose>Unspecified</pose>
		<truncated>1</truncated>
		<difficult>0</difficult>
		<bndbox>
			<xmin>8</xmin>
			<ymin>14</ymin>
			<xmax>40</xmax>
			<ymax>338</ymax>
		</bndbox>
	</object>
</annotation>
