<annotation>
	<folder>images</folder>
	<filename>174_03.jpg</filename>
	<path>C:\Users\靳凯旗\Desktop\data\images\images\174_03.jpg</path>
	<source>
		<database>Unknown</database>
	</source>
	<size>
		<width>127</width>
		<height>174</height>
		<depth>3</depth>
	</size>
	<segmented>0</segmented>
	<object>
		<name>smoke</name>
		<pose>Unspecified</pose>
		<truncated>0</truncated>
		<difficult>0</difficult>
		<bndbox>
			<xmin>45</xmin>
			<ymin>113</ymin>
			<xmax>75</xmax>
			<ymax>164</ymax>
		</bndbox>
	</object>
</annotation>
