<annotation>
	<folder>images</folder>
	<filename>104_03.jpg</filename>
	<path>C:\Users\靳凯旗\Desktop\data\images\104_03.jpg</path>
	<source>
		<database>Unknown</database>
	</source>
	<size>
		<width>188</width>
		<height>212</height>
		<depth>3</depth>
	</size>
	<segmented>0</segmented>
	<object>
		<name>smoke</name>
		<pose>Unspecified</pose>
		<truncated>0</truncated>
		<difficult>0</difficult>
		<bndbox>
			<xmin>41</xmin>
			<ymin>135</ymin>
			<xmax>96</xmax>
			<ymax>153</ymax>
		</bndbox>
	</object>
</annotation>
