<annotation>
	<folder>images</folder>
	<filename>293_03.jpg</filename>
	<path>C:\Users\靳凯旗\Desktop\data\images\images\293_03.jpg</path>
	<source>
		<database>Unknown</database>
	</source>
	<size>
		<width>125</width>
		<height>84</height>
		<depth>3</depth>
	</size>
	<segmented>0</segmented>
	<object>
		<name>smoke</name>
		<pose>Unspecified</pose>
		<truncated>0</truncated>
		<difficult>0</difficult>
		<bndbox>
			<xmin>47</xmin>
			<ymin>21</ymin>
			<xmax>122</xmax>
			<ymax>60</ymax>
		</bndbox>
	</object>
</annotation>
