<annotation>
	<folder>images</folder>
	<filename>139_03.jpg</filename>
	<path>C:\Users\靳凯旗\Desktop\data\images\139_03.jpg</path>
	<source>
		<database>Unknown</database>
	</source>
	<size>
		<width>115</width>
		<height>109</height>
		<depth>3</depth>
	</size>
	<segmented>0</segmented>
	<object>
		<name>smoke</name>
		<pose>Unspecified</pose>
		<truncated>0</truncated>
		<difficult>0</difficult>
		<bndbox>
			<xmin>48</xmin>
			<ymin>53</ymin>
			<xmax>72</xmax>
			<ymax>72</ymax>
		</bndbox>
	</object>
</annotation>
