<annotation>
	<folder>抽烟</folder>
	<filename>192.jpg</filename>
	<path>D:\linhaihua3\Desktop\抽烟\192.jpg</path>
	<source>
		<database>Unknown</database>
	</source>
	<size>
		<width>848</width>
		<height>480</height>
		<depth>3</depth>
	</size>
	<segmented>0</segmented>
	<object>
		<name>smoke</name>
		<pose>Unspecified</pose>
		<truncated>0</truncated>
		<difficult>0</difficult>
		<bndbox>
			<xmin>426</xmin>
			<ymin>154</ymin>
			<xmax>457</xmax>
			<ymax>178</ymax>
		</bndbox>
	</object>
</annotation>
