<annotation>
	<folder>抽烟1</folder>
	<filename>下载2.jpg</filename>
	<path>D:\linhaihua3\Desktop\抽烟11\抽烟1\下载2.jpg</path>
	<source>
		<database>Unknown</database>
	</source>
	<size>
		<width>499</width>
		<height>356</height>
		<depth>3</depth>
	</size>
	<segmented>0</segmented>
	<object>
		<name>smoke</name>
		<pose>Unspecified</pose>
		<truncated>0</truncated>
		<difficult>0</difficult>
		<bndbox>
			<xmin>180</xmin>
			<ymin>69</ymin>
			<xmax>365</xmax>
			<ymax>160</ymax>
		</bndbox>
	</object>
</annotation>
