<annotation>
	<folder>抽烟1</folder>
	<filename>QJ6911582958.jpg</filename>
	<path>D:\linhaihua3\Desktop\抽烟11\抽烟1\QJ6911582958.jpg</path>
	<source>
		<database>Unknown</database>
	</source>
	<size>
		<width>600</width>
		<height>404</height>
		<depth>3</depth>
	</size>
	<segmented>0</segmented>
	<object>
		<name>smoke</name>
		<pose>Unspecified</pose>
		<truncated>0</truncated>
		<difficult>0</difficult>
		<bndbox>
			<xmin>356</xmin>
			<ymin>206</ymin>
			<xmax>390</xmax>
			<ymax>235</ymax>
		</bndbox>
	</object>
	<object>
		<name>smoke</name>
		<pose>Unspecified</pose>
		<truncated>0</truncated>
		<difficult>0</difficult>
		<bndbox>
			<xmin>99</xmin>
			<ymin>244</ymin>
			<xmax>118</xmax>
			<ymax>282</ymax>
		</bndbox>
	</object>
	<object>
		<name>smoke</name>
		<pose>Unspecified</pose>
		<truncated>0</truncated>
		<difficult>0</difficult>
		<bndbox>
			<xmin>556</xmin>
			<ymin>244</ymin>
			<xmax>574</xmax>
			<ymax>269</ymax>
		</bndbox>
	</object>
	<object>
		<name>smoke</name>
		<pose>Unspecified</pose>
		<truncated>0</truncated>
		<difficult>0</difficult>
		<bndbox>
			<xmin>264</xmin>
			<ymin>381</ymin>
			<xmax>287</xmax>
			<ymax>403</ymax>
		</bndbox>
	</object>
</annotation>
