<annotation>
	<folder>images</folder>
	<filename>211_03.jpg</filename>
	<path>C:\Users\靳凯旗\Desktop\data\images\images\211_03.jpg</path>
	<source>
		<database>Unknown</database>
	</source>
	<size>
		<width>401</width>
		<height>167</height>
		<depth>3</depth>
	</size>
	<segmented>0</segmented>
	<object>
		<name>smoke</name>
		<pose>Unspecified</pose>
		<truncated>0</truncated>
		<difficult>0</difficult>
		<bndbox>
			<xmin>10</xmin>
			<ymin>49</ymin>
			<xmax>58</xmax>
			<ymax>91</ymax>
		</bndbox>
	</object>
	<object>
		<name>smoke</name>
		<pose>Unspecified</pose>
		<truncated>0</truncated>
		<difficult>0</difficult>
		<bndbox>
			<xmin>324</xmin>
			<ymin>86</ymin>
			<xmax>343</xmax>
			<ymax>130</ymax>
		</bndbox>
	</object>
</annotation>
