<annotation>
	<folder>images</folder>
	<filename>127_03.jpg</filename>
	<path>C:\Users\靳凯旗\Desktop\data\images\127_03.jpg</path>
	<source>
		<database>Unknown</database>
	</source>
	<size>
		<width>83</width>
		<height>91</height>
		<depth>3</depth>
	</size>
	<segmented>0</segmented>
	<object>
		<name>smoke</name>
		<pose>Unspecified</pose>
		<truncated>0</truncated>
		<difficult>0</difficult>
		<bndbox>
			<xmin>51</xmin>
			<ymin>43</ymin>
			<xmax>65</xmax>
			<ymax>55</ymax>
		</bndbox>
	</object>
</annotation>
