<annotation>
	<folder>images</folder>
	<filename>247_03.jpg</filename>
	<path>C:\Users\靳凯旗\Desktop\data\images\images\247_03.jpg</path>
	<source>
		<database>Unknown</database>
	</source>
	<size>
		<width>230</width>
		<height>61</height>
		<depth>3</depth>
	</size>
	<segmented>0</segmented>
	<object>
		<name>smoke</name>
		<pose>Unspecified</pose>
		<truncated>0</truncated>
		<difficult>0</difficult>
		<bndbox>
			<xmin>31</xmin>
			<ymin>18</ymin>
			<xmax>163</xmax>
			<ymax>48</ymax>
		</bndbox>
	</object>
</annotation>
