<annotation>
	<folder>images</folder>
	<filename>036_03.jpg</filename>
	<path>C:\Users\靳凯旗\Desktop\data\images\036_03.jpg</path>
	<source>
		<database>Unknown</database>
	</source>
	<size>
		<width>178</width>
		<height>191</height>
		<depth>3</depth>
	</size>
	<segmented>0</segmented>
	<object>
		<name>smoke</name>
		<pose>Unspecified</pose>
		<truncated>0</truncated>
		<difficult>0</difficult>
		<bndbox>
			<xmin>96</xmin>
			<ymin>100</ymin>
			<xmax>139</xmax>
			<ymax>164</ymax>
		</bndbox>
	</object>
</annotation>
