<annotation>
	<folder>images</folder>
	<filename>151_03.jpg</filename>
	<path>C:\Users\靳凯旗\Desktop\data\images\151_03.jpg</path>
	<source>
		<database>Unknown</database>
	</source>
	<size>
		<width>382</width>
		<height>323</height>
		<depth>3</depth>
	</size>
	<segmented>0</segmented>
	<object>
		<name>smoke</name>
		<pose>Unspecified</pose>
		<truncated>0</truncated>
		<difficult>0</difficult>
		<bndbox>
			<xmin>172</xmin>
			<ymin>170</ymin>
			<xmax>369</xmax>
			<ymax>308</ymax>
		</bndbox>
	</object>
</annotation>
