<annotation>
	<folder>images</folder>
	<filename>029_03.jpg</filename>
	<path>C:\Users\靳凯旗\Desktop\data\images\029_03.jpg</path>
	<source>
		<database>Unknown</database>
	</source>
	<size>
		<width>179</width>
		<height>175</height>
		<depth>3</depth>
	</size>
	<segmented>0</segmented>
	<object>
		<name>smoke</name>
		<pose>Unspecified</pose>
		<truncated>0</truncated>
		<difficult>0</difficult>
		<bndbox>
			<xmin>67</xmin>
			<ymin>91</ymin>
			<xmax>91</xmax>
			<ymax>122</ymax>
		</bndbox>
	</object>
</annotation>
