<annotation>
	<folder>images</folder>
	<filename>075_03.jpg</filename>
	<path>C:\Users\靳凯旗\Desktop\data\images\075_03.jpg</path>
	<source>
		<database>Unknown</database>
	</source>
	<size>
		<width>207</width>
		<height>127</height>
		<depth>3</depth>
	</size>
	<segmented>0</segmented>
	<object>
		<name>smoke</name>
		<pose>Unspecified</pose>
		<truncated>1</truncated>
		<difficult>0</difficult>
		<bndbox>
			<xmin>48</xmin>
			<ymin>1</ymin>
			<xmax>191</xmax>
			<ymax>70</ymax>
		</bndbox>
	</object>
</annotation>
