<annotation>
	<folder>images</folder>
	<filename>158_03.jpg</filename>
	<path>C:\Users\靳凯旗\Desktop\data\images\158_03.jpg</path>
	<source>
		<database>Unknown</database>
	</source>
	<size>
		<width>178</width>
		<height>133</height>
		<depth>3</depth>
	</size>
	<segmented>0</segmented>
	<object>
		<name>smoke</name>
		<pose>Unspecified</pose>
		<truncated>0</truncated>
		<difficult>0</difficult>
		<bndbox>
			<xmin>40</xmin>
			<ymin>12</ymin>
			<xmax>111</xmax>
			<ymax>72</ymax>
		</bndbox>
	</object>
</annotation>
