<annotation>
	<folder>抽烟</folder>
	<filename>128.jpg</filename>
	<path>D:\linhaihua3\Desktop\抽烟\128.jpg</path>
	<source>
		<database>Unknown</database>
	</source>
	<size>
		<width>293</width>
		<height>220</height>
		<depth>3</depth>
	</size>
	<segmented>0</segmented>
	<object>
		<name>smoke</name>
		<pose>Unspecified</pose>
		<truncated>0</truncated>
		<difficult>0</difficult>
		<bndbox>
			<xmin>153</xmin>
			<ymin>73</ymin>
			<xmax>178</xmax>
			<ymax>127</ymax>
		</bndbox>
	</object>
</annotation>
