<annotation>
	<folder>images</folder>
	<filename>095_03.jpg</filename>
	<path>C:\Users\靳凯旗\Desktop\data\images\095_03.jpg</path>
	<source>
		<database>Unknown</database>
	</source>
	<size>
		<width>295</width>
		<height>174</height>
		<depth>3</depth>
	</size>
	<segmented>0</segmented>
	<object>
		<name>smoke</name>
		<pose>Unspecified</pose>
		<truncated>0</truncated>
		<difficult>0</difficult>
		<bndbox>
			<xmin>37</xmin>
			<ymin>39</ymin>
			<xmax>203</xmax>
			<ymax>160</ymax>
		</bndbox>
	</object>
</annotation>
