<annotation>
	<folder>images</folder>
	<filename>262_03.jpg</filename>
	<path>C:\Users\靳凯旗\Desktop\data\images\images\262_03.jpg</path>
	<source>
		<database>Unknown</database>
	</source>
	<size>
		<width>146</width>
		<height>151</height>
		<depth>3</depth>
	</size>
	<segmented>0</segmented>
	<object>
		<name>smoke</name>
		<pose>Unspecified</pose>
		<truncated>0</truncated>
		<difficult>0</difficult>
		<bndbox>
			<xmin>44</xmin>
			<ymin>51</ymin>
			<xmax>117</xmax>
			<ymax>111</ymax>
		</bndbox>
	</object>
</annotation>
