<annotation>
	<folder>images</folder>
	<filename>132_03.jpg</filename>
	<path>C:\Users\靳凯旗\Desktop\data\images\132_03.jpg</path>
	<source>
		<database>Unknown</database>
	</source>
	<size>
		<width>150</width>
		<height>144</height>
		<depth>3</depth>
	</size>
	<segmented>0</segmented>
	<object>
		<name>smoke</name>
		<pose>Unspecified</pose>
		<truncated>0</truncated>
		<difficult>0</difficult>
		<bndbox>
			<xmin>85</xmin>
			<ymin>103</ymin>
			<xmax>103</xmax>
			<ymax>124</ymax>
		</bndbox>
	</object>
</annotation>
