<annotation>
	<folder>images</folder>
	<filename>043_03.jpg</filename>
	<path>C:\Users\靳凯旗\Desktop\data\images\043_03.jpg</path>
	<source>
		<database>Unknown</database>
	</source>
	<size>
		<width>141</width>
		<height>169</height>
		<depth>3</depth>
	</size>
	<segmented>0</segmented>
	<object>
		<name>smoke</name>
		<pose>Unspecified</pose>
		<truncated>0</truncated>
		<difficult>0</difficult>
		<bndbox>
			<xmin>44</xmin>
			<ymin>66</ymin>
			<xmax>84</xmax>
			<ymax>134</ymax>
		</bndbox>
	</object>
</annotation>
