<annotation>
	<folder>images</folder>
	<filename>103_03.jpg</filename>
	<path>C:\Users\靳凯旗\Desktop\data\images\103_03.jpg</path>
	<source>
		<database>Unknown</database>
	</source>
	<size>
		<width>274</width>
		<height>251</height>
		<depth>3</depth>
	</size>
	<segmented>0</segmented>
	<object>
		<name>smoke</name>
		<pose>Unspecified</pose>
		<truncated>0</truncated>
		<difficult>0</difficult>
		<bndbox>
			<xmin>30</xmin>
			<ymin>165</ymin>
			<xmax>141</xmax>
			<ymax>238</ymax>
		</bndbox>
	</object>
</annotation>
