<annotation>
	<folder>images</folder>
	<filename>300_03.jpg</filename>
	<path>C:\Users\靳凯旗\Desktop\data\images\images\300_03.jpg</path>
	<source>
		<database>Unknown</database>
	</source>
	<size>
		<width>165</width>
		<height>110</height>
		<depth>3</depth>
	</size>
	<segmented>0</segmented>
	<object>
		<name>smoke</name>
		<pose>Unspecified</pose>
		<truncated>0</truncated>
		<difficult>0</difficult>
		<bndbox>
			<xmin>25</xmin>
			<ymin>34</ymin>
			<xmax>146</xmax>
			<ymax>76</ymax>
		</bndbox>
	</object>
</annotation>
