<annotation>
	<folder>images</folder>
	<filename>230_03.jpg</filename>
	<path>C:\Users\靳凯旗\Desktop\data\images\images\230_03.jpg</path>
	<source>
		<database>Unknown</database>
	</source>
	<size>
		<width>325</width>
		<height>213</height>
		<depth>3</depth>
	</size>
	<segmented>0</segmented>
	<object>
		<name>smoke</name>
		<pose>Unspecified</pose>
		<truncated>0</truncated>
		<difficult>0</difficult>
		<bndbox>
			<xmin>106</xmin>
			<ymin>17</ymin>
			<xmax>170</xmax>
			<ymax>35</ymax>
		</bndbox>
	</object>
	<object>
		<name>smoke</name>
		<pose>Unspecified</pose>
		<truncated>0</truncated>
		<difficult>0</difficult>
		<bndbox>
			<xmin>39</xmin>
			<ymin>115</ymin>
			<xmax>52</xmax>
			<ymax>155</ymax>
		</bndbox>
	</object>
	<object>
		<name>smoke</name>
		<pose>Unspecified</pose>
		<truncated>0</truncated>
		<difficult>0</difficult>
		<bndbox>
			<xmin>244</xmin>
			<ymin>98</ymin>
			<xmax>297</xmax>
			<ymax>158</ymax>
		</bndbox>
	</object>
</annotation>
