<annotation>
	<folder>images</folder>
	<filename>198_03.jpg</filename>
	<path>C:\Users\靳凯旗\Desktop\data\images\images\198_03.jpg</path>
	<source>
		<database>Unknown</database>
	</source>
	<size>
		<width>161</width>
		<height>101</height>
		<depth>3</depth>
	</size>
	<segmented>0</segmented>
	<object>
		<name>smoke</name>
		<pose>Unspecified</pose>
		<truncated>0</truncated>
		<difficult>0</difficult>
		<bndbox>
			<xmin>25</xmin>
			<ymin>39</ymin>
			<xmax>100</xmax>
			<ymax>66</ymax>
		</bndbox>
	</object>
</annotation>
