<annotation>
	<folder>images</folder>
	<filename>152_03.jpg</filename>
	<path>C:\Users\靳凯旗\Desktop\data\images\152_03.jpg</path>
	<source>
		<database>Unknown</database>
	</source>
	<size>
		<width>225</width>
		<height>181</height>
		<depth>3</depth>
	</size>
	<segmented>0</segmented>
	<object>
		<name>smoke</name>
		<pose>Unspecified</pose>
		<truncated>0</truncated>
		<difficult>0</difficult>
		<bndbox>
			<xmin>111</xmin>
			<ymin>21</ymin>
			<xmax>133</xmax>
			<ymax>90</ymax>
		</bndbox>
	</object>
</annotation>
