<annotation>
	<folder>抽烟1</folder>
	<filename>QJ6233970406.jpg</filename>
	<path>D:\linhaihua3\Desktop\抽烟11\抽烟1\QJ6233970406.jpg</path>
	<source>
		<database>Unknown</database>
	</source>
	<size>
		<width>600</width>
		<height>400</height>
		<depth>3</depth>
	</size>
	<segmented>0</segmented>
	<object>
		<name>smoke</name>
		<pose>Unspecified</pose>
		<truncated>0</truncated>
		<difficult>0</difficult>
		<bndbox>
			<xmin>243</xmin>
			<ymin>218</ymin>
			<xmax>285</xmax>
			<ymax>253</ymax>
		</bndbox>
	</object>
	<object>
		<name>smoke</name>
		<pose>Unspecified</pose>
		<truncated>0</truncated>
		<difficult>0</difficult>
		<bndbox>
			<xmin>435</xmin>
			<ymin>97</ymin>
			<xmax>499</xmax>
			<ymax>149</ymax>
		</bndbox>
	</object>
</annotation>
