<annotation>
	<folder>images</folder>
	<filename>219_03.jpg</filename>
	<path>C:\Users\靳凯旗\Desktop\data\images\images\219_03.jpg</path>
	<source>
		<database>Unknown</database>
	</source>
	<size>
		<width>489</width>
		<height>194</height>
		<depth>3</depth>
	</size>
	<segmented>0</segmented>
	<object>
		<name>smoke</name>
		<pose>Unspecified</pose>
		<truncated>0</truncated>
		<difficult>0</difficult>
		<bndbox>
			<xmin>67</xmin>
			<ymin>8</ymin>
			<xmax>462</xmax>
			<ymax>133</ymax>
		</bndbox>
	</object>
</annotation>
