<annotation>
	<folder>images</folder>
	<filename>306_03.jpg</filename>
	<path>C:\Users\靳凯旗\Desktop\data\images\images\306_03.jpg</path>
	<source>
		<database>Unknown</database>
	</source>
	<size>
		<width>112</width>
		<height>107</height>
		<depth>3</depth>
	</size>
	<segmented>0</segmented>
	<object>
		<name>smoke</name>
		<pose>Unspecified</pose>
		<truncated>0</truncated>
		<difficult>0</difficult>
		<bndbox>
			<xmin>40</xmin>
			<ymin>9</ymin>
			<xmax>90</xmax>
			<ymax>66</ymax>
		</bndbox>
	</object>
</annotation>
