<annotation>
	<folder>抽烟</folder>
	<filename>138.jpg</filename>
	<path>D:\linhaihua3\Desktop\抽烟\138.jpg</path>
	<source>
		<database>Unknown</database>
	</source>
	<size>
		<width>500</width>
		<height>752</height>
		<depth>3</depth>
	</size>
	<segmented>0</segmented>
	<object>
		<name>smoke</name>
		<pose>Unspecified</pose>
		<truncated>0</truncated>
		<difficult>0</difficult>
		<bndbox>
			<xmin>158</xmin>
			<ymin>245</ymin>
			<xmax>430</xmax>
			<ymax>379</ymax>
		</bndbox>
	</object>
</annotation>
