<annotation>
	<folder>抽烟1</folder>
	<filename>u=2040796297,727197982&amp;fm=26&amp;gp=0.jpg</filename>
	<path>D:\linhaihua3\Desktop\抽烟11\抽烟1\u=2040796297,727197982&amp;fm=26&amp;gp=0.jpg</path>
	<source>
		<database>Unknown</database>
	</source>
	<size>
		<width>500</width>
		<height>500</height>
		<depth>3</depth>
	</size>
	<segmented>0</segmented>
	<object>
		<name>smoke</name>
		<pose>Unspecified</pose>
		<truncated>0</truncated>
		<difficult>0</difficult>
		<bndbox>
			<xmin>34</xmin>
			<ymin>58</ymin>
			<xmax>221</xmax>
			<ymax>141</ymax>
		</bndbox>
	</object>
</annotation>
