<annotation>
	<folder>images</folder>
	<filename>286_02.jpg</filename>
	<path>C:\Users\靳凯旗\Desktop\data\images\images\286_02.jpg</path>
	<source>
		<database>Unknown</database>
	</source>
	<size>
		<width>131</width>
		<height>137</height>
		<depth>3</depth>
	</size>
	<segmented>0</segmented>
	<object>
		<name>smoke</name>
		<pose>Unspecified</pose>
		<truncated>0</truncated>
		<difficult>0</difficult>
		<bndbox>
			<xmin>15</xmin>
			<ymin>63</ymin>
			<xmax>89</xmax>
			<ymax>95</ymax>
		</bndbox>
	</object>
</annotation>
