<annotation>
	<folder>images</folder>
	<filename>307_03.jpg</filename>
	<path>C:\Users\靳凯旗\Desktop\data\images\images\307_03.jpg</path>
	<source>
		<database>Unknown</database>
	</source>
	<size>
		<width>80</width>
		<height>79</height>
		<depth>3</depth>
	</size>
	<segmented>0</segmented>
	<object>
		<name>smoke</name>
		<pose>Unspecified</pose>
		<truncated>0</truncated>
		<difficult>0</difficult>
		<bndbox>
			<xmin>23</xmin>
			<ymin>11</ymin>
			<xmax>69</xmax>
			<ymax>43</ymax>
		</bndbox>
	</object>
</annotation>
