<annotation>
	<folder>images</folder>
	<filename>130_03.jpg</filename>
	<path>C:\Users\靳凯旗\Desktop\data\images\130_03.jpg</path>
	<source>
		<database>Unknown</database>
	</source>
	<size>
		<width>234</width>
		<height>256</height>
		<depth>3</depth>
	</size>
	<segmented>0</segmented>
	<object>
		<name>smoke</name>
		<pose>Unspecified</pose>
		<truncated>0</truncated>
		<difficult>0</difficult>
		<bndbox>
			<xmin>79</xmin>
			<ymin>188</ymin>
			<xmax>109</xmax>
			<ymax>234</ymax>
		</bndbox>
	</object>
</annotation>
