<annotation>
	<folder>images</folder>
	<filename>227_03.jpg</filename>
	<path>C:\Users\靳凯旗\Desktop\data\images\images\227_03.jpg</path>
	<source>
		<database>Unknown</database>
	</source>
	<size>
		<width>506</width>
		<height>152</height>
		<depth>3</depth>
	</size>
	<segmented>0</segmented>
	<object>
		<name>smoke</name>
		<pose>Unspecified</pose>
		<truncated>0</truncated>
		<difficult>0</difficult>
		<bndbox>
			<xmin>88</xmin>
			<ymin>39</ymin>
			<xmax>215</xmax>
			<ymax>68</ymax>
		</bndbox>
	</object>
	<object>
		<name>smoke</name>
		<pose>Unspecified</pose>
		<truncated>0</truncated>
		<difficult>0</difficult>
		<bndbox>
			<xmin>23</xmin>
			<ymin>103</ymin>
			<xmax>156</xmax>
			<ymax>128</ymax>
		</bndbox>
	</object>
	<object>
		<name>smoke</name>
		<pose>Unspecified</pose>
		<truncated>0</truncated>
		<difficult>0</difficult>
		<bndbox>
			<xmin>364</xmin>
			<ymin>109</ymin>
			<xmax>498</xmax>
			<ymax>139</ymax>
		</bndbox>
	</object>
</annotation>
