<annotation>
	<folder>抽烟1</folder>
	<filename>QJ6453609691.jpg</filename>
	<path>D:\linhaihua3\Desktop\抽烟11\抽烟1\QJ6453609691.jpg</path>
	<source>
		<database>Unknown</database>
	</source>
	<size>
		<width>600</width>
		<height>400</height>
		<depth>3</depth>
	</size>
	<segmented>0</segmented>
	<object>
		<name>smoke</name>
		<pose>Unspecified</pose>
		<truncated>0</truncated>
		<difficult>0</difficult>
		<bndbox>
			<xmin>129</xmin>
			<ymin>129</ymin>
			<xmax>396</xmax>
			<ymax>178</ymax>
		</bndbox>
	</object>
</annotation>
