<annotation>
	<folder>images</folder>
	<filename>019_03.jpg</filename>
	<path>C:\Users\靳凯旗\Desktop\data\images\019_03.jpg</path>
	<source>
		<database>Unknown</database>
	</source>
	<size>
		<width>129</width>
		<height>194</height>
		<depth>3</depth>
	</size>
	<segmented>0</segmented>
	<object>
		<name>smoke</name>
		<pose>Unspecified</pose>
		<truncated>1</truncated>
		<difficult>0</difficult>
		<bndbox>
			<xmin>101</xmin>
			<ymin>64</ymin>
			<xmax>129</xmax>
			<ymax>79</ymax>
		</bndbox>
	</object>
</annotation>
