<annotation>
	<folder>images</folder>
	<filename>301_03.jpg</filename>
	<path>C:\Users\靳凯旗\Desktop\data\images\images\301_03.jpg</path>
	<source>
		<database>Unknown</database>
	</source>
	<size>
		<width>395</width>
		<height>154</height>
		<depth>3</depth>
	</size>
	<segmented>0</segmented>
	<object>
		<name>smoke</name>
		<pose>Unspecified</pose>
		<truncated>0</truncated>
		<difficult>0</difficult>
		<bndbox>
			<xmin>30</xmin>
			<ymin>18</ymin>
			<xmax>336</xmax>
			<ymax>149</ymax>
		</bndbox>
	</object>
</annotation>
