<annotation>
	<folder>images</folder>
	<filename>136_03.jpg</filename>
	<path>C:\Users\靳凯旗\Desktop\data\images\136_03.jpg</path>
	<source>
		<database>Unknown</database>
	</source>
	<size>
		<width>151</width>
		<height>165</height>
		<depth>3</depth>
	</size>
	<segmented>0</segmented>
	<object>
		<name>smoke</name>
		<pose>Unspecified</pose>
		<truncated>0</truncated>
		<difficult>0</difficult>
		<bndbox>
			<xmin>79</xmin>
			<ymin>98</ymin>
			<xmax>132</xmax>
			<ymax>151</ymax>
		</bndbox>
	</object>
</annotation>
