<annotation>
	<folder>images</folder>
	<filename>255_03.jpg</filename>
	<path>C:\Users\靳凯旗\Desktop\data\images\images\255_03.jpg</path>
	<source>
		<database>Unknown</database>
	</source>
	<size>
		<width>117</width>
		<height>47</height>
		<depth>3</depth>
	</size>
	<segmented>0</segmented>
	<object>
		<name>smoke</name>
		<pose>Unspecified</pose>
		<truncated>1</truncated>
		<difficult>0</difficult>
		<bndbox>
			<xmin>13</xmin>
			<ymin>1</ymin>
			<xmax>24</xmax>
			<ymax>14</ymax>
		</bndbox>
	</object>
	<object>
		<name>smoke</name>
		<pose>Unspecified</pose>
		<truncated>0</truncated>
		<difficult>0</difficult>
		<bndbox>
			<xmin>85</xmin>
			<ymin>4</ymin>
			<xmax>91</xmax>
			<ymax>14</ymax>
		</bndbox>
	</object>
</annotation>
