<annotation>
	<folder>抽烟</folder>
	<filename>021.jpg</filename>
	<path>D:\linhaihua3\Desktop\抽烟\021.jpg</path>
	<source>
		<database>Unknown</database>
	</source>
	<size>
		<width>190</width>
		<height>125</height>
		<depth>3</depth>
	</size>
	<segmented>0</segmented>
	<object>
		<name>smoke</name>
		<pose>Unspecified</pose>
		<truncated>0</truncated>
		<difficult>0</difficult>
		<bndbox>
			<xmin>62</xmin>
			<ymin>54</ymin>
			<xmax>82</xmax>
			<ymax>63</ymax>
		</bndbox>
	</object>
</annotation>
