<annotation>
	<folder>images</folder>
	<filename>214_03.jpg</filename>
	<path>C:\Users\靳凯旗\Desktop\data\images\images\214_03.jpg</path>
	<source>
		<database>Unknown</database>
	</source>
	<size>
		<width>209</width>
		<height>117</height>
		<depth>3</depth>
	</size>
	<segmented>0</segmented>
	<object>
		<name>smoke</name>
		<pose>Unspecified</pose>
		<truncated>0</truncated>
		<difficult>0</difficult>
		<bndbox>
			<xmin>26</xmin>
			<ymin>53</ymin>
			<xmax>198</xmax>
			<ymax>108</ymax>
		</bndbox>
	</object>
</annotation>
