<annotation>
	<folder>抽烟1</folder>
	<filename>QJ7107428162.jpg</filename>
	<path>D:\linhaihua3\Desktop\抽烟11\抽烟1\QJ7107428162.jpg</path>
	<source>
		<database>Unknown</database>
	</source>
	<size>
		<width>800</width>
		<height>534</height>
		<depth>3</depth>
	</size>
	<segmented>0</segmented>
	<object>
		<name>smoke</name>
		<pose>Unspecified</pose>
		<truncated>0</truncated>
		<difficult>0</difficult>
		<bndbox>
			<xmin>508</xmin>
			<ymin>102</ymin>
			<xmax>539</xmax>
			<ymax>118</ymax>
		</bndbox>
	</object>
</annotation>
