<annotation>
	<folder>images</folder>
	<filename>215_03.jpg</filename>
	<path>C:\Users\靳凯旗\Desktop\data\images\images\215_03.jpg</path>
	<source>
		<database>Unknown</database>
	</source>
	<size>
		<width>75</width>
		<height>87</height>
		<depth>3</depth>
	</size>
	<segmented>0</segmented>
	<object>
		<name>smoke</name>
		<pose>Unspecified</pose>
		<truncated>0</truncated>
		<difficult>0</difficult>
		<bndbox>
			<xmin>14</xmin>
			<ymin>17</ymin>
			<xmax>70</xmax>
			<ymax>50</ymax>
		</bndbox>
	</object>
</annotation>
