<annotation>
	<folder>images</folder>
	<filename>079_03.jpg</filename>
	<path>C:\Users\靳凯旗\Desktop\data\images\079_03.jpg</path>
	<source>
		<database>Unknown</database>
	</source>
	<size>
		<width>294</width>
		<height>211</height>
		<depth>3</depth>
	</size>
	<segmented>0</segmented>
	<object>
		<name>smoke</name>
		<pose>Unspecified</pose>
		<truncated>0</truncated>
		<difficult>0</difficult>
		<bndbox>
			<xmin>73</xmin>
			<ymin>34</ymin>
			<xmax>265</xmax>
			<ymax>162</ymax>
		</bndbox>
	</object>
</annotation>
