<annotation>
	<folder>images</folder>
	<filename>089_03.jpg</filename>
	<path>C:\Users\靳凯旗\Desktop\data\images\089_03.jpg</path>
	<source>
		<database>Unknown</database>
	</source>
	<size>
		<width>166</width>
		<height>192</height>
		<depth>3</depth>
	</size>
	<segmented>0</segmented>
	<object>
		<name>smoke</name>
		<pose>Unspecified</pose>
		<truncated>0</truncated>
		<difficult>0</difficult>
		<bndbox>
			<xmin>49</xmin>
			<ymin>124</ymin>
			<xmax>120</xmax>
			<ymax>144</ymax>
		</bndbox>
	</object>
</annotation>
