<annotation>
	<folder>images</folder>
	<filename>322_03.jpg</filename>
	<path>C:\Users\靳凯旗\Desktop\data\images\images\322_03.jpg</path>
	<source>
		<database>Unknown</database>
	</source>
	<size>
		<width>87</width>
		<height>74</height>
		<depth>3</depth>
	</size>
	<segmented>0</segmented>
	<object>
		<name>smoke</name>
		<pose>Unspecified</pose>
		<truncated>0</truncated>
		<difficult>0</difficult>
		<bndbox>
			<xmin>11</xmin>
			<ymin>31</ymin>
			<xmax>65</xmax>
			<ymax>51</ymax>
		</bndbox>
	</object>
</annotation>
