<annotation>
	<folder>抽烟</folder>
	<filename>367.jpg</filename>
	<path>D:\linhaihua3\Desktop\抽烟\367.jpg</path>
	<source>
		<database>Unknown</database>
	</source>
	<size>
		<width>480</width>
		<height>272</height>
		<depth>3</depth>
	</size>
	<segmented>0</segmented>
	<object>
		<name>smoke</name>
		<pose>Unspecified</pose>
		<truncated>0</truncated>
		<difficult>0</difficult>
		<bndbox>
			<xmin>196</xmin>
			<ymin>160</ymin>
			<xmax>233</xmax>
			<ymax>211</ymax>
		</bndbox>
	</object>
</annotation>
