<annotation>
	<folder>images</folder>
	<filename>258_03.jpg</filename>
	<path>C:\Users\靳凯旗\Desktop\data\images\images\258_03.jpg</path>
	<source>
		<database>Unknown</database>
	</source>
	<size>
		<width>153</width>
		<height>136</height>
		<depth>3</depth>
	</size>
	<segmented>0</segmented>
	<object>
		<name>smoke</name>
		<pose>Unspecified</pose>
		<truncated>0</truncated>
		<difficult>0</difficult>
		<bndbox>
			<xmin>17</xmin>
			<ymin>61</ymin>
			<xmax>127</xmax>
			<ymax>121</ymax>
		</bndbox>
	</object>
</annotation>
