<annotation>
	<folder>images</folder>
	<filename>311_03.jpg</filename>
	<path>C:\Users\靳凯旗\Desktop\data\images\images\311_03.jpg</path>
	<source>
		<database>Unknown</database>
	</source>
	<size>
		<width>113</width>
		<height>165</height>
		<depth>3</depth>
	</size>
	<segmented>0</segmented>
	<object>
		<name>smoke</name>
		<pose>Unspecified</pose>
		<truncated>0</truncated>
		<difficult>0</difficult>
		<bndbox>
			<xmin>23</xmin>
			<ymin>38</ymin>
			<xmax>71</xmax>
			<ymax>153</ymax>
		</bndbox>
	</object>
</annotation>
