<annotation>
	<folder>images</folder>
	<filename>134_03.jpg</filename>
	<path>C:\Users\靳凯旗\Desktop\data\images\134_03.jpg</path>
	<source>
		<database>Unknown</database>
	</source>
	<size>
		<width>161</width>
		<height>159</height>
		<depth>3</depth>
	</size>
	<segmented>0</segmented>
	<object>
		<name>smoke</name>
		<pose>Unspecified</pose>
		<truncated>0</truncated>
		<difficult>0</difficult>
		<bndbox>
			<xmin>81</xmin>
			<ymin>90</ymin>
			<xmax>124</xmax>
			<ymax>150</ymax>
		</bndbox>
	</object>
</annotation>
