<annotation>
	<folder>images</folder>
	<filename>213_03.jpg</filename>
	<path>C:\Users\靳凯旗\Desktop\data\images\images\213_03.jpg</path>
	<source>
		<database>Unknown</database>
	</source>
	<size>
		<width>150</width>
		<height>143</height>
		<depth>3</depth>
	</size>
	<segmented>0</segmented>
	<object>
		<name>smoke</name>
		<pose>Unspecified</pose>
		<truncated>0</truncated>
		<difficult>0</difficult>
		<bndbox>
			<xmin>38</xmin>
			<ymin>59</ymin>
			<xmax>124</xmax>
			<ymax>128</ymax>
		</bndbox>
	</object>
</annotation>
