<annotation>
	<folder>images</folder>
	<filename>173_03.jpg</filename>
	<path>C:\Users\靳凯旗\Desktop\data\images\images\173_03.jpg</path>
	<source>
		<database>Unknown</database>
	</source>
	<size>
		<width>142</width>
		<height>171</height>
		<depth>3</depth>
	</size>
	<segmented>0</segmented>
	<object>
		<name>smoke</name>
		<pose>Unspecified</pose>
		<truncated>0</truncated>
		<difficult>0</difficult>
		<bndbox>
			<xmin>50</xmin>
			<ymin>106</ymin>
			<xmax>78</xmax>
			<ymax>157</ymax>
		</bndbox>
	</object>
</annotation>
