<annotation>
	<folder>抽烟1</folder>
	<filename>QJ6536323499.jpg</filename>
	<path>D:\linhaihua3\Desktop\抽烟11\抽烟1\QJ6536323499.jpg</path>
	<source>
		<database>Unknown</database>
	</source>
	<size>
		<width>600</width>
		<height>400</height>
		<depth>3</depth>
	</size>
	<segmented>0</segmented>
	<object>
		<name>smoke</name>
		<pose>Unspecified</pose>
		<truncated>0</truncated>
		<difficult>0</difficult>
		<bndbox>
			<xmin>336</xmin>
			<ymin>229</ymin>
			<xmax>470</xmax>
			<ymax>336</ymax>
		</bndbox>
	</object>
	<object>
		<name>smoke</name>
		<pose>Unspecified</pose>
		<truncated>1</truncated>
		<difficult>0</difficult>
		<bndbox>
			<xmin>333</xmin>
			<ymin>340</ymin>
			<xmax>468</xmax>
			<ymax>400</ymax>
		</bndbox>
	</object>
</annotation>
