<annotation>
	<folder>images</folder>
	<filename>257_03.jpg</filename>
	<path>C:\Users\靳凯旗\Desktop\data\images\images\257_03.jpg</path>
	<source>
		<database>Unknown</database>
	</source>
	<size>
		<width>276</width>
		<height>148</height>
		<depth>3</depth>
	</size>
	<segmented>0</segmented>
	<object>
		<name>smoke</name>
		<pose>Unspecified</pose>
		<truncated>1</truncated>
		<difficult>0</difficult>
		<bndbox>
			<xmin>19</xmin>
			<ymin>15</ymin>
			<xmax>266</xmax>
			<ymax>148</ymax>
		</bndbox>
	</object>
</annotation>
