<annotation>
	<folder>images</folder>
	<filename>248_03.jpg</filename>
	<path>C:\Users\靳凯旗\Desktop\data\images\images\248_03.jpg</path>
	<source>
		<database>Unknown</database>
	</source>
	<size>
		<width>69</width>
		<height>70</height>
		<depth>3</depth>
	</size>
	<segmented>0</segmented>
	<object>
		<name>smoke</name>
		<pose>Unspecified</pose>
		<truncated>0</truncated>
		<difficult>0</difficult>
		<bndbox>
			<xmin>32</xmin>
			<ymin>35</ymin>
			<xmax>50</xmax>
			<ymax>40</ymax>
		</bndbox>
	</object>
</annotation>
