<annotation>
	<folder>images</folder>
	<filename>081_03.jpg</filename>
	<path>C:\Users\靳凯旗\Desktop\data\images\081_03.jpg</path>
	<source>
		<database>Unknown</database>
	</source>
	<size>
		<width>313</width>
		<height>309</height>
		<depth>3</depth>
	</size>
	<segmented>0</segmented>
	<object>
		<name>smoke</name>
		<pose>Unspecified</pose>
		<truncated>1</truncated>
		<difficult>0</difficult>
		<bndbox>
			<xmin>16</xmin>
			<ymin>1</ymin>
			<xmax>278</xmax>
			<ymax>248</ymax>
		</bndbox>
	</object>
</annotation>
