<annotation>
	<folder>images</folder>
	<filename>291_03.jpg</filename>
	<path>C:\Users\靳凯旗\Desktop\data\images\images\291_03.jpg</path>
	<source>
		<database>Unknown</database>
	</source>
	<size>
		<width>336</width>
		<height>249</height>
		<depth>3</depth>
	</size>
	<segmented>0</segmented>
	<object>
		<name>smoke</name>
		<pose>Unspecified</pose>
		<truncated>0</truncated>
		<difficult>0</difficult>
		<bndbox>
			<xmin>17</xmin>
			<ymin>23</ymin>
			<xmax>310</xmax>
			<ymax>103</ymax>
		</bndbox>
	</object>
	<object>
		<name>smoke</name>
		<pose>Unspecified</pose>
		<truncated>0</truncated>
		<difficult>0</difficult>
		<bndbox>
			<xmin>12</xmin>
			<ymin>141</ymin>
			<xmax>319</xmax>
			<ymax>238</ymax>
		</bndbox>
	</object>
</annotation>
