<annotation>
	<folder>抽烟</folder>
	<filename>088.jpg</filename>
	<path>D:\linhaihua3\Desktop\抽烟\088.jpg</path>
	<source>
		<database>Unknown</database>
	</source>
	<size>
		<width>500</width>
		<height>332</height>
		<depth>3</depth>
	</size>
	<segmented>0</segmented>
	<object>
		<name>smoke</name>
		<pose>Unspecified</pose>
		<truncated>0</truncated>
		<difficult>0</difficult>
		<bndbox>
			<xmin>177</xmin>
			<ymin>164</ymin>
			<xmax>222</xmax>
			<ymax>205</ymax>
		</bndbox>
	</object>
</annotation>
