<annotation>
	<folder>images</folder>
	<filename>133_03.jpg</filename>
	<path>C:\Users\靳凯旗\Desktop\data\images\133_03.jpg</path>
	<source>
		<database>Unknown</database>
	</source>
	<size>
		<width>147</width>
		<height>157</height>
		<depth>3</depth>
	</size>
	<segmented>0</segmented>
	<object>
		<name>smoke</name>
		<pose>Unspecified</pose>
		<truncated>0</truncated>
		<difficult>0</difficult>
		<bndbox>
			<xmin>58</xmin>
			<ymin>92</ymin>
			<xmax>103</xmax>
			<ymax>153</ymax>
		</bndbox>
	</object>
</annotation>
