<annotation>
	<folder>抽烟</folder>
	<filename>006.jpg</filename>
	<path>D:\linhaihua3\Desktop\抽烟\006.jpg</path>
	<source>
		<database>Unknown</database>
	</source>
	<size>
		<width>400</width>
		<height>400</height>
		<depth>3</depth>
	</size>
	<segmented>0</segmented>
	<object>
		<name>smoke</name>
		<pose>Unspecified</pose>
		<truncated>0</truncated>
		<difficult>0</difficult>
		<bndbox>
			<xmin>17</xmin>
			<ymin>173</ymin>
			<xmax>87</xmax>
			<ymax>227</ymax>
		</bndbox>
	</object>
</annotation>
