<annotation>
	<folder>images</folder>
	<filename>070_03.jpg</filename>
	<path>C:\Users\靳凯旗\Desktop\data\images\070_03.jpg</path>
	<source>
		<database>Unknown</database>
	</source>
	<size>
		<width>107</width>
		<height>122</height>
		<depth>3</depth>
	</size>
	<segmented>0</segmented>
	<object>
		<name>smoke</name>
		<pose>Unspecified</pose>
		<truncated>0</truncated>
		<difficult>0</difficult>
		<bndbox>
			<xmin>56</xmin>
			<ymin>63</ymin>
			<xmax>70</xmax>
			<ymax>110</ymax>
		</bndbox>
	</object>
</annotation>
