<annotation>
	<folder>images</folder>
	<filename>028_03.jpg</filename>
	<path>C:\Users\靳凯旗\Desktop\data\images\028_03.jpg</path>
	<source>
		<database>Unknown</database>
	</source>
	<size>
		<width>185</width>
		<height>183</height>
		<depth>3</depth>
	</size>
	<segmented>0</segmented>
	<object>
		<name>smoke</name>
		<pose>Unspecified</pose>
		<truncated>0</truncated>
		<difficult>0</difficult>
		<bndbox>
			<xmin>88</xmin>
			<ymin>92</ymin>
			<xmax>117</xmax>
			<ymax>117</ymax>
		</bndbox>
	</object>
</annotation>
