<annotation>
	<folder>images</folder>
	<filename>207_03.jpg</filename>
	<path>C:\Users\靳凯旗\Desktop\data\images\images\207_03.jpg</path>
	<source>
		<database>Unknown</database>
	</source>
	<size>
		<width>83</width>
		<height>228</height>
		<depth>3</depth>
	</size>
	<segmented>0</segmented>
	<object>
		<name>smoke</name>
		<pose>Unspecified</pose>
		<truncated>0</truncated>
		<difficult>0</difficult>
		<bndbox>
			<xmin>25</xmin>
			<ymin>22</ymin>
			<xmax>44</xmax>
			<ymax>223</ymax>
		</bndbox>
	</object>
</annotation>
