<annotation>
	<folder>images</folder>
	<filename>060_03.jpg</filename>
	<path>C:\Users\靳凯旗\Desktop\data\images\060_03.jpg</path>
	<source>
		<database>Unknown</database>
	</source>
	<size>
		<width>222</width>
		<height>218</height>
		<depth>3</depth>
	</size>
	<segmented>0</segmented>
	<object>
		<name>smoke</name>
		<pose>Unspecified</pose>
		<truncated>0</truncated>
		<difficult>0</difficult>
		<bndbox>
			<xmin>129</xmin>
			<ymin>121</ymin>
			<xmax>190</xmax>
			<ymax>151</ymax>
		</bndbox>
	</object>
</annotation>
