<annotation>
	<folder>images</folder>
	<filename>234_03.jpg</filename>
	<path>C:\Users\靳凯旗\Desktop\data\images\images\234_03.jpg</path>
	<source>
		<database>Unknown</database>
	</source>
	<size>
		<width>88</width>
		<height>134</height>
		<depth>3</depth>
	</size>
	<segmented>0</segmented>
	<object>
		<name>smoke</name>
		<pose>Unspecified</pose>
		<truncated>0</truncated>
		<difficult>0</difficult>
		<bndbox>
			<xmin>39</xmin>
			<ymin>41</ymin>
			<xmax>50</xmax>
			<ymax>88</ymax>
		</bndbox>
	</object>
</annotation>
