<annotation>
	<folder>images</folder>
	<filename>329_03.jpg</filename>
	<path>C:\Users\靳凯旗\Desktop\data\images\images\329_03.jpg</path>
	<source>
		<database>Unknown</database>
	</source>
	<size>
		<width>73</width>
		<height>54</height>
		<depth>3</depth>
	</size>
	<segmented>0</segmented>
	<object>
		<name>smoke</name>
		<pose>Unspecified</pose>
		<truncated>0</truncated>
		<difficult>0</difficult>
		<bndbox>
			<xmin>22</xmin>
			<ymin>14</ymin>
			<xmax>45</xmax>
			<ymax>37</ymax>
		</bndbox>
	</object>
</annotation>
