<annotation>
	<folder>抽烟</folder>
	<filename>271.jpg</filename>
	<path>D:\linhaihua3\Desktop\抽烟\271.jpg</path>
	<source>
		<database>Unknown</database>
	</source>
	<size>
		<width>1280</width>
		<height>720</height>
		<depth>3</depth>
	</size>
	<segmented>0</segmented>
	<object>
		<name>smoke</name>
		<pose>Unspecified</pose>
		<truncated>0</truncated>
		<difficult>0</difficult>
		<bndbox>
			<xmin>628</xmin>
			<ymin>375</ymin>
			<xmax>678</xmax>
			<ymax>445</ymax>
		</bndbox>
	</object>
</annotation>
