<annotation>
	<folder>images</folder>
	<filename>226_03.jpg</filename>
	<path>C:\Users\靳凯旗\Desktop\data\images\images\226_03.jpg</path>
	<source>
		<database>Unknown</database>
	</source>
	<size>
		<width>183</width>
		<height>78</height>
		<depth>3</depth>
	</size>
	<segmented>0</segmented>
	<object>
		<name>smoke</name>
		<pose>Unspecified</pose>
		<truncated>0</truncated>
		<difficult>0</difficult>
		<bndbox>
			<xmin>46</xmin>
			<ymin>5</ymin>
			<xmax>144</xmax>
			<ymax>50</ymax>
		</bndbox>
	</object>
</annotation>
