<annotation>
	<folder>images</folder>
	<filename>177_03.jpg</filename>
	<path>C:\Users\靳凯旗\Desktop\data\images\images\177_03.jpg</path>
	<source>
		<database>Unknown</database>
	</source>
	<size>
		<width>91</width>
		<height>107</height>
		<depth>3</depth>
	</size>
	<segmented>0</segmented>
	<object>
		<name>smoke</name>
		<pose>Unspecified</pose>
		<truncated>0</truncated>
		<difficult>0</difficult>
		<bndbox>
			<xmin>36</xmin>
			<ymin>68</ymin>
			<xmax>67</xmax>
			<ymax>98</ymax>
		</bndbox>
	</object>
</annotation>
