<annotation>
	<folder>images</folder>
	<filename>268_03.jpg</filename>
	<path>C:\Users\靳凯旗\Desktop\data\images\images\268_03.jpg</path>
	<source>
		<database>Unknown</database>
	</source>
	<size>
		<width>100</width>
		<height>46</height>
		<depth>3</depth>
	</size>
	<segmented>0</segmented>
	<object>
		<name>smoke</name>
		<pose>Unspecified</pose>
		<truncated>1</truncated>
		<difficult>0</difficult>
		<bndbox>
			<xmin>41</xmin>
			<ymin>1</ymin>
			<xmax>79</xmax>
			<ymax>27</ymax>
		</bndbox>
	</object>
</annotation>
