<annotation>
	<folder>images</folder>
	<filename>271_03.jpg</filename>
	<path>C:\Users\靳凯旗\Desktop\data\images\images\271_03.jpg</path>
	<source>
		<database>Unknown</database>
	</source>
	<size>
		<width>347</width>
		<height>124</height>
		<depth>3</depth>
	</size>
	<segmented>0</segmented>
	<object>
		<name>smoke</name>
		<pose>Unspecified</pose>
		<truncated>0</truncated>
		<difficult>0</difficult>
		<bndbox>
			<xmin>8</xmin>
			<ymin>60</ymin>
			<xmax>333</xmax>
			<ymax>97</ymax>
		</bndbox>
	</object>
</annotation>
