<annotation>
	<folder>images</folder>
	<filename>298_03.jpg</filename>
	<path>C:\Users\靳凯旗\Desktop\data\images\images\298_03.jpg</path>
	<source>
		<database>Unknown</database>
	</source>
	<size>
		<width>219</width>
		<height>155</height>
		<depth>3</depth>
	</size>
	<segmented>0</segmented>
	<object>
		<name>smoke</name>
		<pose>Unspecified</pose>
		<truncated>0</truncated>
		<difficult>0</difficult>
		<bndbox>
			<xmin>38</xmin>
			<ymin>33</ymin>
			<xmax>100</xmax>
			<ymax>42</ymax>
		</bndbox>
	</object>
	<object>
		<name>smoke</name>
		<pose>Unspecified</pose>
		<truncated>0</truncated>
		<difficult>0</difficult>
		<bndbox>
			<xmin>125</xmin>
			<ymin>84</ymin>
			<xmax>195</xmax>
			<ymax>116</ymax>
		</bndbox>
	</object>
</annotation>
