<annotation>
	<folder>images</folder>
	<filename>185_03.jpg</filename>
	<path>C:\Users\靳凯旗\Desktop\data\images\images\185_03.jpg</path>
	<source>
		<database>Unknown</database>
	</source>
	<size>
		<width>205</width>
		<height>218</height>
		<depth>3</depth>
	</size>
	<segmented>0</segmented>
	<object>
		<name>smoke</name>
		<pose>Unspecified</pose>
		<truncated>0</truncated>
		<difficult>0</difficult>
		<bndbox>
			<xmin>79</xmin>
			<ymin>73</ymin>
			<xmax>104</xmax>
			<ymax>191</ymax>
		</bndbox>
	</object>
</annotation>
