<annotation>
	<folder>images</folder>
	<filename>014_02.jpg</filename>
	<path>C:\Users\靳凯旗\Desktop\data\images\014_02.jpg</path>
	<source>
		<database>Unknown</database>
	</source>
	<size>
		<width>126</width>
		<height>116</height>
		<depth>3</depth>
	</size>
	<segmented>0</segmented>
	<object>
		<name>smoke</name>
		<pose>Unspecified</pose>
		<truncated>0</truncated>
		<difficult>0</difficult>
		<bndbox>
			<xmin>16</xmin>
			<ymin>52</ymin>
			<xmax>35</xmax>
			<ymax>65</ymax>
		</bndbox>
	</object>
</annotation>
