<annotation>
	<folder>images</folder>
	<filename>167_03.jpg</filename>
	<path>C:\Users\靳凯旗\Desktop\data\images\images\167_03.jpg</path>
	<source>
		<database>Unknown</database>
	</source>
	<size>
		<width>208</width>
		<height>195</height>
		<depth>3</depth>
	</size>
	<segmented>0</segmented>
	<object>
		<name>smoke</name>
		<pose>Unspecified</pose>
		<truncated>0</truncated>
		<difficult>0</difficult>
		<bndbox>
			<xmin>47</xmin>
			<ymin>129</ymin>
			<xmax>71</xmax>
			<ymax>163</ymax>
		</bndbox>
	</object>
</annotation>
