<annotation>
	<folder>images</folder>
	<filename>191_03.jpg</filename>
	<path>C:\Users\靳凯旗\Desktop\data\images\images\191_03.jpg</path>
	<source>
		<database>Unknown</database>
	</source>
	<size>
		<width>120</width>
		<height>105</height>
		<depth>3</depth>
	</size>
	<segmented>0</segmented>
	<object>
		<name>smoke</name>
		<pose>Unspecified</pose>
		<truncated>0</truncated>
		<difficult>0</difficult>
		<bndbox>
			<xmin>34</xmin>
			<ymin>15</ymin>
			<xmax>92</xmax>
			<ymax>61</ymax>
		</bndbox>
	</object>
</annotation>
