<annotation>
	<folder>抽烟</folder>
	<filename>112.jpg</filename>
	<path>D:\linhaihua3\Desktop\抽烟\112.jpg</path>
	<source>
		<database>Unknown</database>
	</source>
	<size>
		<width>500</width>
		<height>753</height>
		<depth>3</depth>
	</size>
	<segmented>0</segmented>
	<object>
		<name>smoke</name>
		<pose>Unspecified</pose>
		<truncated>0</truncated>
		<difficult>0</difficult>
		<bndbox>
			<xmin>146</xmin>
			<ymin>209</ymin>
			<xmax>271</xmax>
			<ymax>286</ymax>
		</bndbox>
	</object>
</annotation>
