<annotation>
	<folder>images</folder>
	<filename>159_03.jpg</filename>
	<path>C:\Users\靳凯旗\Desktop\data\images\159_03.jpg</path>
	<source>
		<database>Unknown</database>
	</source>
	<size>
		<width>175</width>
		<height>158</height>
		<depth>3</depth>
	</size>
	<segmented>0</segmented>
	<object>
		<name>smoke</name>
		<pose>Unspecified</pose>
		<truncated>0</truncated>
		<difficult>0</difficult>
		<bndbox>
			<xmin>32</xmin>
			<ymin>8</ymin>
			<xmax>102</xmax>
			<ymax>68</ymax>
		</bndbox>
	</object>
</annotation>
