<annotation>
	<folder>抽烟1</folder>
	<filename>QJ6984371885.jpg</filename>
	<path>D:\linhaihua3\Desktop\抽烟11\抽烟1\QJ6984371885.jpg</path>
	<source>
		<database>Unknown</database>
	</source>
	<size>
		<width>600</width>
		<height>400</height>
		<depth>3</depth>
	</size>
	<segmented>0</segmented>
	<object>
		<name>smoke</name>
		<pose>Unspecified</pose>
		<truncated>0</truncated>
		<difficult>0</difficult>
		<bndbox>
			<xmin>281</xmin>
			<ymin>163</ymin>
			<xmax>469</xmax>
			<ymax>313</ymax>
		</bndbox>
	</object>
	<object>
		<name>smoke</name>
		<pose>Unspecified</pose>
		<truncated>1</truncated>
		<difficult>0</difficult>
		<bndbox>
			<xmin>285</xmin>
			<ymin>315</ymin>
			<xmax>480</xmax>
			<ymax>400</ymax>
		</bndbox>
	</object>
</annotation>
