<annotation>
	<folder>images</folder>
	<filename>171_03.jpg</filename>
	<path>C:\Users\靳凯旗\Desktop\data\images\images\171_03.jpg</path>
	<source>
		<database>Unknown</database>
	</source>
	<size>
		<width>279</width>
		<height>245</height>
		<depth>3</depth>
	</size>
	<segmented>0</segmented>
	<object>
		<name>smoke</name>
		<pose>Unspecified</pose>
		<truncated>0</truncated>
		<difficult>0</difficult>
		<bndbox>
			<xmin>60</xmin>
			<ymin>153</ymin>
			<xmax>143</xmax>
			<ymax>214</ymax>
		</bndbox>
	</object>
</annotation>
