<annotation>
	<folder>images</folder>
	<filename>261_03.jpg</filename>
	<path>C:\Users\靳凯旗\Desktop\data\images\images\261_03.jpg</path>
	<source>
		<database>Unknown</database>
	</source>
	<size>
		<width>122</width>
		<height>129</height>
		<depth>3</depth>
	</size>
	<segmented>0</segmented>
	<object>
		<name>smoke</name>
		<pose>Unspecified</pose>
		<truncated>0</truncated>
		<difficult>0</difficult>
		<bndbox>
			<xmin>27</xmin>
			<ymin>40</ymin>
			<xmax>103</xmax>
			<ymax>100</ymax>
		</bndbox>
	</object>
</annotation>
