<annotation>
	<folder>images</folder>
	<filename>204_03.jpg</filename>
	<path>C:\Users\靳凯旗\Desktop\data\images\images\204_03.jpg</path>
	<source>
		<database>Unknown</database>
	</source>
	<size>
		<width>411</width>
		<height>236</height>
		<depth>3</depth>
	</size>
	<segmented>0</segmented>
	<object>
		<name>smoke</name>
		<pose>Unspecified</pose>
		<truncated>0</truncated>
		<difficult>0</difficult>
		<bndbox>
			<xmin>50</xmin>
			<ymin>7</ymin>
			<xmax>340</xmax>
			<ymax>212</ymax>
		</bndbox>
	</object>
</annotation>
