<annotation>
	<folder>images</folder>
	<filename>178_03.jpg</filename>
	<path>C:\Users\靳凯旗\Desktop\data\images\images\178_03.jpg</path>
	<source>
		<database>Unknown</database>
	</source>
	<size>
		<width>134</width>
		<height>142</height>
		<depth>3</depth>
	</size>
	<segmented>0</segmented>
	<object>
		<name>smoke</name>
		<pose>Unspecified</pose>
		<truncated>0</truncated>
		<difficult>0</difficult>
		<bndbox>
			<xmin>112</xmin>
			<ymin>49</ymin>
			<xmax>120</xmax>
			<ymax>70</ymax>
		</bndbox>
	</object>
</annotation>
