<annotation>
	<folder>images</folder>
	<filename>313_03.jpg</filename>
	<path>C:\Users\靳凯旗\Desktop\data\images\images\313_03.jpg</path>
	<source>
		<database>Unknown</database>
	</source>
	<size>
		<width>228</width>
		<height>172</height>
		<depth>3</depth>
	</size>
	<segmented>0</segmented>
	<object>
		<name>smoke</name>
		<pose>Unspecified</pose>
		<truncated>0</truncated>
		<difficult>0</difficult>
		<bndbox>
			<xmin>40</xmin>
			<ymin>57</ymin>
			<xmax>130</xmax>
			<ymax>141</ymax>
		</bndbox>
	</object>
</annotation>
