<annotation>
	<folder>抽烟</folder>
	<filename>108.jpg</filename>
	<path>D:\linhaihua3\Desktop\抽烟\108.jpg</path>
	<source>
		<database>Unknown</database>
	</source>
	<size>
		<width>426</width>
		<height>640</height>
		<depth>3</depth>
	</size>
	<segmented>0</segmented>
	<object>
		<name>smoke</name>
		<pose>Unspecified</pose>
		<truncated>0</truncated>
		<difficult>0</difficult>
		<bndbox>
			<xmin>259</xmin>
			<ymin>57</ymin>
			<xmax>304</xmax>
			<ymax>222</ymax>
		</bndbox>
	</object>
</annotation>
