<annotation>
	<folder>images</folder>
	<filename>098_03.jpg</filename>
	<path>C:\Users\靳凯旗\Desktop\data\images\098_03.jpg</path>
	<source>
		<database>Unknown</database>
	</source>
	<size>
		<width>316</width>
		<height>313</height>
		<depth>3</depth>
	</size>
	<segmented>0</segmented>
	<object>
		<name>smoke</name>
		<pose>Unspecified</pose>
		<truncated>0</truncated>
		<difficult>0</difficult>
		<bndbox>
			<xmin>11</xmin>
			<ymin>225</ymin>
			<xmax>128</xmax>
			<ymax>266</ymax>
		</bndbox>
	</object>
</annotation>
