<annotation>
	<folder>images</folder>
	<filename>156_03.jpg</filename>
	<path>C:\Users\靳凯旗\Desktop\data\images\156_03.jpg</path>
	<source>
		<database>Unknown</database>
	</source>
	<size>
		<width>229</width>
		<height>197</height>
		<depth>3</depth>
	</size>
	<segmented>0</segmented>
	<object>
		<name>smoke</name>
		<pose>Unspecified</pose>
		<truncated>0</truncated>
		<difficult>0</difficult>
		<bndbox>
			<xmin>137</xmin>
			<ymin>88</ymin>
			<xmax>172</xmax>
			<ymax>138</ymax>
		</bndbox>
	</object>
</annotation>
