<annotation>
	<folder>images</folder>
	<filename>146_03.jpg</filename>
	<path>C:\Users\靳凯旗\Desktop\data\images\146_03.jpg</path>
	<source>
		<database>Unknown</database>
	</source>
	<size>
		<width>265</width>
		<height>264</height>
		<depth>3</depth>
	</size>
	<segmented>0</segmented>
	<object>
		<name>smoke</name>
		<pose>Unspecified</pose>
		<truncated>0</truncated>
		<difficult>0</difficult>
		<bndbox>
			<xmin>42</xmin>
			<ymin>91</ymin>
			<xmax>239</xmax>
			<ymax>217</ymax>
		</bndbox>
	</object>
</annotation>
