<annotation>
	<folder>images</folder>
	<filename>128_03.jpg</filename>
	<path>C:\Users\靳凯旗\Desktop\data\images\128_03.jpg</path>
	<source>
		<database>Unknown</database>
	</source>
	<size>
		<width>213</width>
		<height>232</height>
		<depth>3</depth>
	</size>
	<segmented>0</segmented>
	<object>
		<name>smoke</name>
		<pose>Unspecified</pose>
		<truncated>0</truncated>
		<difficult>0</difficult>
		<bndbox>
			<xmin>82</xmin>
			<ymin>152</ymin>
			<xmax>124</xmax>
			<ymax>218</ymax>
		</bndbox>
	</object>
</annotation>
