<annotation>
	<folder>抽烟</folder>
	<filename>364.jpg</filename>
	<path>D:\linhaihua3\Desktop\抽烟\364.jpg</path>
	<source>
		<database>Unknown</database>
	</source>
	<size>
		<width>1280</width>
		<height>720</height>
		<depth>3</depth>
	</size>
	<segmented>0</segmented>
	<object>
		<name>smoke</name>
		<pose>Unspecified</pose>
		<truncated>0</truncated>
		<difficult>0</difficult>
		<bndbox>
			<xmin>607</xmin>
			<ymin>337</ymin>
			<xmax>726</xmax>
			<ymax>416</ymax>
		</bndbox>
	</object>
</annotation>
