<annotation>
	<folder>images</folder>
	<filename>333_03.jpg</filename>
	<path>C:\Users\靳凯旗\Desktop\data\images\images\333_03.jpg</path>
	<source>
		<database>Unknown</database>
	</source>
	<size>
		<width>356</width>
		<height>148</height>
		<depth>3</depth>
	</size>
	<segmented>0</segmented>
	<object>
		<name>smoke</name>
		<pose>Unspecified</pose>
		<truncated>0</truncated>
		<difficult>0</difficult>
		<bndbox>
			<xmin>7</xmin>
			<ymin>64</ymin>
			<xmax>179</xmax>
			<ymax>106</ymax>
		</bndbox>
	</object>
</annotation>
