<annotation>
	<folder>images</folder>
	<filename>200_03.jpg</filename>
	<path>C:\Users\靳凯旗\Desktop\data\images\images\200_03.jpg</path>
	<source>
		<database>Unknown</database>
	</source>
	<size>
		<width>54</width>
		<height>48</height>
		<depth>3</depth>
	</size>
	<segmented>0</segmented>
	<object>
		<name>smoke</name>
		<pose>Unspecified</pose>
		<truncated>0</truncated>
		<difficult>0</difficult>
		<bndbox>
			<xmin>6</xmin>
			<ymin>22</ymin>
			<xmax>17</xmax>
			<ymax>37</ymax>
		</bndbox>
	</object>
</annotation>
