<annotation>
	<folder>抽烟</folder>
	<filename>001.jpg</filename>
	<path>D:\linhaihua3\Desktop\抽烟\001.jpg</path>
	<source>
		<database>Unknown</database>
	</source>
	<size>
		<width>510</width>
		<height>340</height>
		<depth>3</depth>
	</size>
	<segmented>0</segmented>
	<object>
		<name>smoke</name>
		<pose>Unspecified</pose>
		<truncated>0</truncated>
		<difficult>0</difficult>
		<bndbox>
			<xmin>343</xmin>
			<ymin>194</ymin>
			<xmax>362</xmax>
			<ymax>238</ymax>
		</bndbox>
	</object>
</annotation>
