<annotation>
	<folder>抽烟</folder>
	<filename>123.jpg</filename>
	<path>D:\linhaihua3\Desktop\抽烟\123.jpg</path>
	<source>
		<database>Unknown</database>
	</source>
	<size>
		<width>500</width>
		<height>749</height>
		<depth>3</depth>
	</size>
	<segmented>0</segmented>
	<object>
		<name>smoke</name>
		<pose>Unspecified</pose>
		<truncated>0</truncated>
		<difficult>0</difficult>
		<bndbox>
			<xmin>218</xmin>
			<ymin>246</ymin>
			<xmax>441</xmax>
			<ymax>389</ymax>
		</bndbox>
	</object>
</annotation>
