<annotation>
	<folder>抽烟1</folder>
	<filename>下载4.jpg</filename>
	<path>D:\linhaihua3\Desktop\抽烟11\抽烟1\下载4.jpg</path>
	<source>
		<database>Unknown</database>
	</source>
	<size>
		<width>500</width>
		<height>334</height>
		<depth>3</depth>
	</size>
	<segmented>0</segmented>
	<object>
		<name>smoke</name>
		<pose>Unspecified</pose>
		<truncated>0</truncated>
		<difficult>0</difficult>
		<bndbox>
			<xmin>259</xmin>
			<ymin>212</ymin>
			<xmax>360</xmax>
			<ymax>247</ymax>
		</bndbox>
	</object>
</annotation>
