<annotation>
	<folder>images</folder>
	<filename>121_03.jpg</filename>
	<path>C:\Users\靳凯旗\Desktop\data\images\121_03.jpg</path>
	<source>
		<database>Unknown</database>
	</source>
	<size>
		<width>193</width>
		<height>227</height>
		<depth>3</depth>
	</size>
	<segmented>0</segmented>
	<object>
		<name>smoke</name>
		<pose>Unspecified</pose>
		<truncated>0</truncated>
		<difficult>0</difficult>
		<bndbox>
			<xmin>112</xmin>
			<ymin>155</ymin>
			<xmax>152</xmax>
			<ymax>223</ymax>
		</bndbox>
	</object>
</annotation>
