<annotation>
	<folder>images</folder>
	<filename>332_03.jpg</filename>
	<path>C:\Users\靳凯旗\Desktop\data\images\images\332_03.jpg</path>
	<source>
		<database>Unknown</database>
	</source>
	<size>
		<width>88</width>
		<height>67</height>
		<depth>3</depth>
	</size>
	<segmented>0</segmented>
	<object>
		<name>smoke</name>
		<pose>Unspecified</pose>
		<truncated>0</truncated>
		<difficult>0</difficult>
		<bndbox>
			<xmin>4</xmin>
			<ymin>29</ymin>
			<xmax>55</xmax>
			<ymax>44</ymax>
		</bndbox>
	</object>
</annotation>
