<annotation>
	<folder>images</folder>
	<filename>275_03.jpg</filename>
	<path>C:\Users\靳凯旗\Desktop\data\images\images\275_03.jpg</path>
	<source>
		<database>Unknown</database>
	</source>
	<size>
		<width>232</width>
		<height>125</height>
		<depth>3</depth>
	</size>
	<segmented>0</segmented>
	<object>
		<name>smoke</name>
		<pose>Unspecified</pose>
		<truncated>0</truncated>
		<difficult>0</difficult>
		<bndbox>
			<xmin>18</xmin>
			<ymin>11</ymin>
			<xmax>213</xmax>
			<ymax>118</ymax>
		</bndbox>
	</object>
</annotation>
