<annotation>
	<folder>images</folder>
	<filename>064_03.jpg</filename>
	<path>C:\Users\靳凯旗\Desktop\data\images\064_03.jpg</path>
	<source>
		<database>Unknown</database>
	</source>
	<size>
		<width>193</width>
		<height>176</height>
		<depth>3</depth>
	</size>
	<segmented>0</segmented>
	<object>
		<name>smoke</name>
		<pose>Unspecified</pose>
		<truncated>0</truncated>
		<difficult>0</difficult>
		<bndbox>
			<xmin>6</xmin>
			<ymin>45</ymin>
			<xmax>149</xmax>
			<ymax>141</ymax>
		</bndbox>
	</object>
</annotation>
