<annotation>
	<folder>images</folder>
	<filename>097_03.jpg</filename>
	<path>C:\Users\靳凯旗\Desktop\data\images\097_03.jpg</path>
	<source>
		<database>Unknown</database>
	</source>
	<size>
		<width>110</width>
		<height>86</height>
		<depth>3</depth>
	</size>
	<segmented>0</segmented>
	<object>
		<name>smoke</name>
		<pose>Unspecified</pose>
		<truncated>0</truncated>
		<difficult>0</difficult>
		<bndbox>
			<xmin>59</xmin>
			<ymin>28</ymin>
			<xmax>87</xmax>
			<ymax>51</ymax>
		</bndbox>
	</object>
</annotation>
