<annotation>
	<folder>images</folder>
	<filename>278_03.jpg</filename>
	<path>C:\Users\靳凯旗\Desktop\data\images\images\278_03.jpg</path>
	<source>
		<database>Unknown</database>
	</source>
	<size>
		<width>137</width>
		<height>106</height>
		<depth>3</depth>
	</size>
	<segmented>0</segmented>
	<object>
		<name>smoke</name>
		<pose>Unspecified</pose>
		<truncated>0</truncated>
		<difficult>0</difficult>
		<bndbox>
			<xmin>10</xmin>
			<ymin>45</ymin>
			<xmax>107</xmax>
			<ymax>60</ymax>
		</bndbox>
	</object>
</annotation>
