<annotation>
	<folder>抽烟</folder>
	<filename>003.jpg</filename>
	<path>D:\linhaihua3\Desktop\抽烟\003.jpg</path>
	<source>
		<database>Unknown</database>
	</source>
	<size>
		<width>800</width>
		<height>540</height>
		<depth>3</depth>
	</size>
	<segmented>0</segmented>
	<object>
		<name>smoke</name>
		<pose>Unspecified</pose>
		<truncated>0</truncated>
		<difficult>0</difficult>
		<bndbox>
			<xmin>350</xmin>
			<ymin>316</ymin>
			<xmax>504</xmax>
			<ymax>403</ymax>
		</bndbox>
	</object>
</annotation>
