<annotation>
	<folder>images</folder>
	<filename>181_03.jpg</filename>
	<path>C:\Users\靳凯旗\Desktop\data\images\images\181_03.jpg</path>
	<source>
		<database>Unknown</database>
	</source>
	<size>
		<width>316</width>
		<height>268</height>
		<depth>3</depth>
	</size>
	<segmented>0</segmented>
	<object>
		<name>smoke</name>
		<pose>Unspecified</pose>
		<truncated>0</truncated>
		<difficult>0</difficult>
		<bndbox>
			<xmin>20</xmin>
			<ymin>72</ymin>
			<xmax>123</xmax>
			<ymax>96</ymax>
		</bndbox>
	</object>
</annotation>
